source,title,click,Timelog
http://www.bloombergquint.com,home-topstoriesticker-story1,http://www.bloombergquint.comhttps://www.bloombergquint.com/global-economics/fed-leaves-rate-unchanged-with-economy-growing-at-strong-rate,2018-08-02 07:39:03.606138
http://www.bloombergquint.com,home-topstoriesticker-story2,http://www.bloombergquint.comhttps://www.bloombergquint.com/business/india-monetary-policy-mpc-hikes-rates-for-second-straight-time,2018-08-02 07:39:03.606138
http://www.bloombergquint.com,home-topstoriesticker-story3,http://www.bloombergquint.comhttps://www.bloombergquint.com/business/cabinet-clears-lics-51-stake-acquisition-in-idbi-bank,2018-08-02 07:39:03.606138
http://www.bloombergquint.com,home-topstoriesticker-story4,http://www.bloombergquint.comhttps://www.bloombergquint.com/technology/china-s-huawei-passes-apple-in-smartphone-share-for-first-time,2018-08-02 07:39:03.606138
http://www.bloombergquint.com,home-topstoriesticker-story5,http://www.bloombergquint.comhttps://www.bloombergquint.com/gst/gst-panel-may-suggest-allowing-companies-to-claim-input-credit-on-free-supplies,2018-08-02 07:39:03.606138
http://www.bloombergquint.com,home-topstoriesticker-story6,http://www.bloombergquint.comhttps://www.bloombergquint.com/technology/flipkart-launches-loyalty-programme-to-take-on-amazon-prime,2018-08-02 07:39:03.606138
http://www.bloombergquint.com,home-topstoriesticker-story7,http://www.bloombergquint.comhttps://www.bloombergquint.com/global-economics/u-s-said-to-plan-higher-tariff-on-200-billion-of-china-imports,2018-08-02 07:39:03.606138
http://www.bloombergquint.com,home-topstoriesticker-story8,http://www.bloombergquint.comhttps://www.bloombergquint.com/markets/bajaj-auto-july-sales-two-wheeler-three-wheeler-domestic-exports-growth-trend,2018-08-02 07:39:03.606138
http://www.bloombergquint.com,home-topstoriesticker-story9,http://www.bloombergquint.comhttps://www.bloombergquint.com/law-and-policy/reliance-industries-wins-arbitration-against-governments-17-billion-claim,2018-08-02 07:39:03.606138
http://www.bloombergquint.com,home-topstoriesticker-story10,http://www.bloombergquint.comhttps://www.bloombergquint.com/global-economics/are-house-prices-falling-from-sydney-to-new-york,2018-08-02 07:39:03.606138
http://www.bloombergquint.com,home-topstoriesticker-story11,http://www.bloombergquint.comhttps://www.bloombergquint.com/business/indian-households-still-trust-public-sector-banks-most-with-their-deposits,2018-08-02 07:39:03.606138
http://www.bloombergquint.com,home-topstoriesticker-story12,http://www.bloombergquint.comhttps://www.bloombergquint.com/technology/apple-s-falling-share-count-and-the-wait-for-a-1-trillion-stock,2018-08-02 07:39:03.606138
http://www.bloombergquint.com,home-topstoriesticker-story13,http://www.bloombergquint.comhttps://www.bloombergquint.com/global-economics/pakistan-s-bailout-is-really-china-s,2018-08-02 07:39:03.606138
http://www.bloombergquint.com,home-topstoriesticker-story1,http://www.bloombergquint.comhttps://www.bloombergquint.com/global-economics/fed-leaves-rate-unchanged-with-economy-growing-at-strong-rate,2018-08-02 07:39:03.606138
http://www.bloombergquint.com,home-topstoriesticker-story2,http://www.bloombergquint.comhttps://www.bloombergquint.com/business/india-monetary-policy-mpc-hikes-rates-for-second-straight-time,2018-08-02 07:39:03.606138
http://www.bloombergquint.com,home-topstoriesticker-story3,http://www.bloombergquint.comhttps://www.bloombergquint.com/business/cabinet-clears-lics-51-stake-acquisition-in-idbi-bank,2018-08-02 07:39:03.606138
http://www.bloombergquint.com,home-topstoriesticker-story4,http://www.bloombergquint.comhttps://www.bloombergquint.com/technology/china-s-huawei-passes-apple-in-smartphone-share-for-first-time,2018-08-02 07:39:03.606138
http://www.bloombergquint.com,home-topstoriesticker-story5,http://www.bloombergquint.comhttps://www.bloombergquint.com/gst/gst-panel-may-suggest-allowing-companies-to-claim-input-credit-on-free-supplies,2018-08-02 07:39:03.606138
http://www.bloombergquint.com,home-topstoriesticker-story6,http://www.bloombergquint.comhttps://www.bloombergquint.com/technology/flipkart-launches-loyalty-programme-to-take-on-amazon-prime,2018-08-02 07:39:03.606138
http://www.bloombergquint.com,home-topstoriesticker-story7,http://www.bloombergquint.comhttps://www.bloombergquint.com/global-economics/u-s-said-to-plan-higher-tariff-on-200-billion-of-china-imports,2018-08-02 07:39:03.606138
http://www.bloombergquint.com,home-topstoriesticker-story8,http://www.bloombergquint.comhttps://www.bloombergquint.com/markets/bajaj-auto-july-sales-two-wheeler-three-wheeler-domestic-exports-growth-trend,2018-08-02 07:39:03.606138
http://www.bloombergquint.com,home-topstoriesticker-story9,http://www.bloombergquint.comhttps://www.bloombergquint.com/law-and-policy/reliance-industries-wins-arbitration-against-governments-17-billion-claim,2018-08-02 07:39:03.606138
http://www.bloombergquint.com,home-topstoriesticker-story10,http://www.bloombergquint.comhttps://www.bloombergquint.com/global-economics/are-house-prices-falling-from-sydney-to-new-york,2018-08-02 07:39:03.606138
http://www.bloombergquint.com,home-topstoriesticker-story11,http://www.bloombergquint.comhttps://www.bloombergquint.com/business/indian-households-still-trust-public-sector-banks-most-with-their-deposits,2018-08-02 07:39:03.606138
http://www.bloombergquint.com,home-topstoriesticker-story12,http://www.bloombergquint.comhttps://www.bloombergquint.com/technology/apple-s-falling-share-count-and-the-wait-for-a-1-trillion-stock,2018-08-02 07:39:03.606138
http://www.bloombergquint.com,home-topstoriesticker-story13,http://www.bloombergquint.comhttps://www.bloombergquint.com/global-economics/pakistan-s-bailout-is-really-china-s,2018-08-02 07:39:03.606138
http://www.business-standard.com,Pakistan election 2018: Imran Khan leads; EC rejects PML-N's rigging charge,http://www.business-standard.com/article/international/pakistan-election-2018-imran-khan-leads-ec-rejects-pml-n-s-rigging-charge-118072600104_1.html,2018-08-02 07:39:03.606138
http://www.business-standard.com,Uber may bid adieu to Google Maps; move to open source ones instead,http://www.business-standard.com/article/companies/uber-to-soon-let-you-crowdsource-your-commute-via-openstreetmap-project-118072501638_1.html,2018-08-02 07:39:03.606138
http://www.business-standard.com,"Corporate credit demand gains pace, showing signs of gathering steam",http://www.business-standard.com/article/economy-policy/corporate-credit-demand-gains-pace-118072501588_1.html,2018-08-02 07:39:03.606138
http://www.business-standard.com,Government likely to announce new Chief Economic Advisor next week,http://www.business-standard.com/article/economy-policy/government-likely-to-announce-new-chief-economic-advisor-next-week-118072501565_1.html,2018-08-02 07:39:03.606138
http://www.business-standard.com,Over 340 'irrational' drugs to go off shelves soon; many more under scanner,http://www.business-standard.com/article/companies/over-340-irrational-drugs-to-go-off-shelves-soon-many-more-under-scanner-118072600045_1.html,2018-08-02 07:39:03.606138
http://www.business-standard.com,Why Mukesh Ambani may not be able to repeat a Jio in broadband services,http://www.business-standard.com/article/companies/why-mukesh-ambani-may-not-be-able-to-repeat-a-jio-in-broadband-services-118072501556_1.html,2018-08-02 07:39:03.606138
http://www.business-standard.com,"Steel to silicon: A digital way to make combat forces more lethal, accurate",http://www.business-standard.com/article/technology/steel-to-silicon-a-digital-way-to-make-combat-forces-more-lethal-accurate-118072501707_1.html,2018-08-02 07:39:03.606138
http://www.business-standard.com,Srikrishna committee: 70 Acts may have to be amended on panel proposals,http://www.business-standard.com/article/economy-policy/srikrishna-committee-70-acts-may-have-to-be-amended-on-panel-proposals-118072600058_1.html,2018-08-02 07:39:03.606138
http://www.business-standard.com,"InMobi's challenge to Google, Facebook and the battle of duopoly",http://www.business-standard.com/article/technology/inmobi-s-challenge-to-google-facebook-and-the-battle-of-duopoly-118072600031_1.html,2018-08-02 07:39:03.606138
http://www.business-standard.com,Macro economy gives confusing signals to MPC on policy rate front,http://www.business-standard.com/article/economy-policy/macro-economy-gives-confusing-signals-to-mpc-on-policy-rate-front-118072501525_1.html,2018-08-02 07:39:03.606138
http://www.business-standard.com,ED gets power to impound fleeing economic offenders' property,http://www.business-standard.com/article/economy-policy/ed-gets-power-to-impound-fleeing-economic-offenders-property-118072501437_1.html,2018-08-02 07:39:03.606138
http://www.business-standard.com,"NCLT rejects Jyoti Structures' resolution plan, orders liquidation",http://www.business-standard.com/article/companies/nclt-rejects-jyoti-structures-resolution-plan-orders-liquidation-118072500901_1.html,2018-08-02 07:39:03.606138
http://www.business-standard.com,Can India become a gas-based economy? Hope in the pipeline,http://www.business-standard.com/article/economy-policy/hope-in-the-pipeline-118072501188_1.html,2018-08-02 07:39:03.606138
http://www.business-standard.com,Sebi pulls up mutual fund industry over dividend distribution practice,http://www.business-standard.com/article/markets/sebi-expresses-concern-over-dividend-practice-at-mfs-118072501194_1.html,2018-08-02 07:39:03.606138
http://www.business-standard.com,Maruti Suzuki to manufacture 3 mn units annually by 2025: R C Bhargava,http://www.business-standard.com/article/companies/maruti-suzuki-to-manufacture-3-mn-units-annually-by-2025-r-c-bhargava-118072500689_1.html,2018-08-02 07:39:03.606138
http://www.business-standard.com,"Anil Ambani writes to Rahul Gandhi on Rafale deal, refutes allegations of lack of experience",http://www.business-standard.com/article/pti-stories/anil-ambani-writes-to-rahul-gandhi-on-rafale-deal-refutes-allegations-of-lack-of-experience-118072501307_1.html,2018-08-02 07:39:03.606138
http://www.business-standard.com,Supreme Court's mandated long-term car insurance is good for customers,http://www.business-standard.com/article/pf/supreme-court-s-mandated-long-term-car-insurance-is-good-for-customers-118072501692_1.html,2018-08-02 07:39:03.606138
http://www.business-standard.com,Here's how an informed investor can spot Ponzi scheme and avoid it,http://www.business-standard.com/article/pf/here-s-how-an-informed-investor-can-spot-ponzi-scheme-and-avoid-it-118072501665_1.html,2018-08-02 07:39:03.606138
http://www.business-standard.com,Food in multiplexes: Bombay HC gives Maharashtra govt 14 days to reply,http://www.business-standard.com/article/economy-policy/food-in-multiplexes-bombay-hc-gives-maharashtra-govt-14-days-to-reply-118072501431_1.html,2018-08-02 07:39:03.606138
http://www.business-standard.com,Ringing in change,http://www.business-standard.com/article/opinion/ringing-in-change-118072501645_1.html,2018-08-02 07:39:03.606138
http://www.business-standard.com,Making sense of EPFO data,http://www.business-standard.com/article/opinion/making-sense-of-epfo-data-118072501686_1.html,2018-08-02 07:39:03.606138
http://www.business-standard.com,Relief from witch hunt,http://www.business-standard.com/article/opinion/relief-from-witch-hunt-118072501585_1.html,2018-08-02 07:39:03.606138
http://www.business-standard.com,A promise on paper,http://www.business-standard.com/article/opinion/a-promise-on-paper-118072501596_1.html,2018-08-02 07:39:03.606138
http://www.business-standard.com,HDFC AMC IPO opens for subscription today. Should you invest?,http://www.business-standard.com/article/markets/hdfc-amc-ipo-opens-for-subscription-today-should-you-invest-118072500138_1.html,2018-08-02 07:39:03.606138
http://www.business-standard.com,This Adani Group stock zooms 100% in 17 trading sessions,http://www.business-standard.com/article/markets/this-adani-group-stocks-zoom-100-in-17-trading-sessions-118072500190_1.html,2018-08-02 07:39:03.606138
http://www.business-standard.com,"Why retire when you're too old to enjoy it? Take a break, quit your job now",http://www.business-standard.com/article/current-affairs/why-retire-when-you-re-too-old-to-enjoy-it-take-a-break-quit-your-job-now-118072500783_1.html,2018-08-02 07:39:03.606138
http://www.business-standard.com,From Vajpayee to Modi: Who has been the biggest Swiss money buster?,http://www.business-standard.com/article/economy-policy/from-vajpayee-to-modi-who-was-the-biggest-swiss-money-buster-118072401220_1.html,2018-08-02 07:39:03.606138
http://www.business-standard.com,"With 36% growth in Q1 profit, L&amp;T; takes a strong start to fiscal year 2019",http://www.business-standard.com/article/companies/with-36-growth-in-q1-profit-l-t-takes-a-strong-start-to-fiscal-year-2019-118072600019_1.html,2018-08-02 07:39:03.606138
http://www.business-standard.com,Crowd thins at the last place to trade shares of RSE-listed companies,http://www.business-standard.com/article/markets/crowd-thins-at-the-last-place-to-trade-shares-of-rse-listed-companies-118072600009_1.html,2018-08-02 07:39:03.606138
http://www.business-standard.com,Same-store sales fire up Jubilant FoodWorks' Q1 numbers; revenue up 26%,http://www.business-standard.com/article/companies/same-store-sales-fire-up-jubilant-foodworks-q1-numbers-revenue-up-26-118072600036_1.html,2018-08-02 07:39:03.606138
http://www.business-standard.com,"HDFC MF IPO oversubscribed on day 1, receives bids for 19.4 million shares",http://www.business-standard.com/article/markets/hdfc-mf-ipo-subscribed-98-on-day-1-led-by-qib-and-retail-investors-118072501135_1.html,2018-08-02 07:39:03.606138
http://www.business-standard.com,Sebi mulls UPI-based payments for IPOs to reduce listing period to 3 days,http://www.business-standard.com/article/markets/sebi-mulls-upi-based-payments-for-ipos-to-reduce-listing-period-to-3-days-118072501112_1.html,2018-08-02 07:39:03.606138
http://www.business-standard.com,SGX-NSE resume tie-up talks on GIFT City; arbitration proceeding deferred,http://www.business-standard.com/article/markets/sgx-nse-resume-tie-up-talks-on-gift-city-arbitration-proceeding-deferred-118072500961_1.html,2018-08-02 07:39:03.606138
http://www.business-standard.com,Anti-dumping duty hike on Indian shrimps by US to have neutral impact,http://www.business-standard.com/article/economy-policy/anti-dumping-duty-hike-on-indian-shrimps-by-us-to-have-neutral-impact-118072400936_1.html,2018-08-02 07:39:03.606138
http://www.business-standard.com,SAT left with just one member; hearings in over 400 appeals on halt,http://www.business-standard.com/article/markets/sat-left-with-just-one-member-hearings-in-over-400-appeals-halt-118072501316_1.html,2018-08-02 07:39:03.606138
http://www.business-standard.com,"4 out of 7 insurance, MF IPOs trade 22% below issue price in aggregate",http://www.business-standard.com/article/markets/5-out-of-8-insurance-mf-ipos-trade-23-below-issue-price-in-aggregate-118072500167_1.html,2018-08-02 07:39:03.606138
http://www.business-standard.com,Ghaziabad and Lucknow civic bodies to list municipal bonds on NSE,http://www.business-standard.com/article/economy-policy/after-indore-ghaziabad-and-lucknow-civic-bodies-to-list-muni-bonds-on-nse-118072500900_1.html,2018-08-02 07:39:03.606138
http://www.business-standard.com,Info Edge (India) rallies 10% post Q1 results; stock hits new high,http://www.business-standard.com/article/markets/info-edge-india-rallies-10-post-q1-results-stock-hits-new-high-118072500610_1.html,2018-08-02 07:39:03.606138
http://www.business-standard.com,Derivatives strategy on Titan Company by HDFC Securities,http://www.business-standard.com/article/markets/derivatives-strategy-on-titan-company-by-hdfc-securities-118072000130_1.html,2018-08-02 07:39:03.606138
http://www.business-standard.com,Derivatives strategy on Arvind Limited by HDFC Securities,http://www.business-standard.com/article/markets/derivatives-strategy-on-arvind-limited-by-hdfc-securities-118071300108_1.html,2018-08-02 07:39:03.606138
http://www.business-standard.com,Derivatives strategy on UltraTech Cement by HDFC Securities,http://www.business-standard.com/article/markets/derivatives-strategy-on-ultra-tech-cement-by-hdfc-securities-118070600092_1.html,2018-08-02 07:39:03.606138
http://www.business-standard.com,Derivatives strategy on Federal Bank by HDFC Securities,http://www.business-standard.com/article/markets/derivatives-strategy-on-federal-bank-by-hdfc-securities-118062900111_1.html,2018-08-02 07:39:03.606138
http://www.business-standard.com,Derivatives strategy on Hindalco Industries by HDFC Securities,http://www.business-standard.com/article/markets/derivatives-strategy-on-hindalco-industries-by-hdfc-securities-118062100658_1.html,2018-08-02 07:39:03.606138
http://www.business-standard.com,Derivative strategy on Tata Elxsi by HDFC Securities,http://www.business-standard.com/article/markets/derivative-strategy-on-tata-elxsi-by-hdfc-securities-118061500100_1.html,2018-08-02 07:39:03.606138
http://www.business-standard.com,Derivatives strategy on United Breweries by HDFC Securities,http://www.business-standard.com/article/markets/derivatives-strategy-on-united-breweries-by-hdfc-securities-118060700936_1.html,2018-08-02 07:39:03.606138
http://www.business-standard.com,Derivatives strategy on M&amp;M; May Future by HDFC Securities,http://www.business-standard.com/article/markets/derivatives-strategy-on-m-m-may-future-by-hdfc-securities-118052401412_1.html,2018-08-02 07:39:03.606138
http://www.business-standard.com,Derivatives strategy on Ujjivan Finance by HDFC Securities,http://www.business-standard.com/article/markets/derivatives-strategy-on-ujjivan-finance-by-hdfc-securities-118051800061_1.html,2018-08-02 07:39:03.606138
http://www.business-standard.com,Derivatives strategy on Divis's Lab futures by HDFC Securities,http://www.business-standard.com/article/markets/derivatives-strategy-on-divis-s-lab-futures-by-hdfc-securities-118051001245_1.html,2018-08-02 07:39:03.606138
http://www.business-standard.com,Derivative Strategy on SBI by Motilal Oswal Securities,http://www.business-standard.com/article/markets/derivative-strategy-on-sbi-by-motilal-oswal-securities-118050100294_1.html,2018-08-02 07:39:03.606138
http://www.business-standard.com,"US eyes easier market access for soybean meal, easier norms on cherries",http://www.business-standard.com/article/economy-policy/us-eyes-easier-market-access-for-soybean-meal-easier-norms-on-cherries-118072401463_1.html,2018-08-02 07:39:03.606138
http://www.business-standard.com,"Exporters fear India may lose $5.5 bn in gold medallion, coin exports",http://www.business-standard.com/article/markets/exporters-fear-india-may-lose-5-5-bn-in-gold-medallion-coin-exports-118072400454_1.html,2018-08-02 07:39:03.606138
http://www.business-standard.com,15% spike likely in dry fruit imports from Afghanistan on easier trade flow,http://www.business-standard.com/article/economy-policy/15-spike-likely-in-dry-fruit-imports-from-afghanistan-on-easier-trade-flow-118072301382_1.html,2018-08-02 07:39:03.606138
http://www.business-standard.com,What happens if there is no Opec? It won't be a paradise for sure,http://www.business-standard.com/article/markets/what-happens-if-there-is-no-opec-it-won-t-be-a-paradise-for-sure-118072200316_1.html,2018-08-02 07:39:03.606138
http://www.business-standard.com,Remove restrictions on iron ore pellet export from Karnataka: CEC,http://www.business-standard.com/article/economy-policy/remove-restrictions-on-iron-ore-pellet-export-from-karnataka-cec-118071900039_1.html,2018-08-02 07:39:03.606138
http://www.business-standard.com,"Iran oil sanctions: India, US hold talks as Washington hints at exemptions",http://www.business-standard.com/article/economy-policy/iran-oil-sanctions-india-us-hold-talks-as-washington-hints-at-exemptions-118071701256_1.html,2018-08-02 07:39:03.606138
http://www.business-standard.com,"Relief for India? US to consider waivers on Iran sanctions, says Mnuchin",http://www.business-standard.com/article/reuters/mnuchin-says-u-s-to-consider-waivers-on-iran-sanctions-118071700103_1.html,2018-08-02 07:39:03.606138
http://www.business-standard.com,Vegetable oil import falls 23% in June due to rupee depreciation,http://www.business-standard.com/article/markets/vegetable-oil-import-falls-23-in-june-due-to-rupee-depreciation-118071600382_1.html,2018-08-02 07:39:03.606138
http://www.business-standard.com,India's sugar output is expected to reach a record 35-35.5 million tonnes,http://www.business-standard.com/article/markets/india-s-sugar-output-is-expected-to-reach-a-record-35-35-5-million-tonnes-118071700029_1.html,2018-08-02 07:39:03.606138
http://www.business-standard.com,40 Under 40: Most influential people in business &amp; the Indian connection,http://www.business-standard.com/article/current-affairs/in-pics-four-indian-origin-persons-feature-in-the-40-under-40-list-118072501435_1.html,2018-08-02 07:39:03.606138
http://www.business-standard.com,"Pakistan Elections 2018: Who's contesting, and why India must closely watch",http://www.business-standard.com/article/international/pakistan-elections-2018-who-s-contesting-and-why-india-must-closely-watch-118060601235_1.html,2018-08-02 07:39:03.606138
http://www.business-standard.com,"Centre not to hike insurance cover of Rs 100,000 for bank deposits",http://www.business-standard.com/article/economy-policy/centre-not-to-hike-insurance-cover-of-rs-100-000-for-bank-deposits-118072501611_1.html,2018-08-02 07:39:03.606138
http://www.business-standard.com,NCLAT junks cement-makers' plea against CCI's Rs 67-bn cartelisation fine,http://www.business-standard.com/article/economy-policy/nclat-junks-cement-makers-plea-against-cci-s-rs-67-bn-cartelisation-fine-118072500315_1.html,2018-08-02 07:39:03.606138
http://www.business-standard.com,"India to remain fastest-growing major economy, but oil poses risk: Poll",http://www.business-standard.com/article/economy-policy/india-to-remain-fastest-growing-major-economy-but-oil-poses-risk-poll-118072500124_1.html,2018-08-02 07:39:03.606138
http://www.business-standard.com,Canara Bank Q1 net profit up 12% at Rs 2.81 bn; bad loan decline marginally,http://www.business-standard.com/article/finance/canara-bank-q1-net-profit-up-12-at-rs-2-81-bn-bad-loan-decline-marginally-118072501408_1.html,2018-08-02 07:39:03.606138
http://www.business-standard.com,HDFC Mutual Fund allots Rs 7.3 billion shares to anchor investors,http://www.business-standard.com/article/markets/hdfc-mutual-fund-allots-rs-7-3-billion-shares-to-anchor-investors-118072500044_1.html,2018-08-02 07:39:03.606138
http://www.business-standard.com,"Ahead of LIC deal, Moody's places IDBI Bank's long-term ratings for upgrade",http://www.business-standard.com/article/finance/ahead-of-lic-deal-moody-s-places-idbi-bank-s-long-term-ratings-for-upgrade-118072500142_1.html,2018-08-02 07:39:03.606138
http://www.business-standard.com,Non PCA State-run banks to retain loan market share at 51% medium term,http://www.business-standard.com/article/finance/non-pca-state-run-banks-to-retain-loan-market-share-at-51-medium-term-118072501424_1.html,2018-08-02 07:39:03.606138
http://www.business-standard.com,Karur Vysya Bank Q1 profit declines by 69% to Rs 459.1 million; NPAs rise,http://www.business-standard.com/article/finance/karur-vysya-bank-q1-profit-up-by-69-to-rs-459-1-million-npas-rise-118072500627_1.html,2018-08-02 07:39:03.606138
http://www.business-standard.com,"GST slab of 28% may become virtual 'hollow shell' in year or so, says CEA",http://www.business-standard.com/article/economy-policy/gst-slab-of-28-may-become-virtual-hollow-shell-in-year-or-so-says-cea-118072501326_1.html,2018-08-02 07:39:03.606138
http://www.business-standard.com,GST exemption on warehoused gold a major relief to jewellery exporters,http://www.business-standard.com/article/economy-policy/gst-exemption-on-warehoused-gold-a-major-relief-to-jewellery-exporters-118072300758_1.html,2018-08-02 07:39:03.606138
http://www.business-standard.com,GST Council can look at hiking filing threshold beyond Rs 50 mn: Goyal,http://www.business-standard.com/article/economy-policy/gst-council-can-look-at-hiking-filing-threshold-beyond-rs-50-mn-goyal-118072301143_1.html,2018-08-02 07:39:03.606138
http://www.business-standard.com,GST slabs can be reduced to three from five but will take time: Sushil Modi,http://www.business-standard.com/article/economy-policy/gst-slabs-can-be-reduced-to-three-from-five-but-will-take-time-sushil-modi-118072200532_1.html,2018-08-02 07:39:03.606138
http://www.business-standard.com,"Industry hails GST rate cuts, decision to allow quarterly filing of returns",http://www.business-standard.com/article/economy-policy/industry-hails-gst-rate-cut-decision-to-allow-quarterly-filing-of-returns-118072200566_1.html,2018-08-02 07:39:03.606138
http://www.business-standard.com,Petroleum definition changed for uniformity in operations: Government,http://www.business-standard.com/article/companies/petroleum-definition-changed-for-uniformity-in-operations-118072501115_1.html,2018-08-02 07:39:03.606138
http://www.business-standard.com,GST boost: Srei looks to give new lease of life to its leasing business,http://www.business-standard.com/article/companies/gst-boost-srei-looks-to-give-new-lease-of-life-to-its-leasing-business-118072501502_1.html,2018-08-02 07:39:03.606138
http://www.business-standard.com,Parliamentary panel raps govt for inadequate allocation of funds to defence,http://www.business-standard.com/article/current-affairs/parliamentary-panel-raps-govt-for-inadequate-allocation-of-funds-to-defence-118072501410_1.html,2018-08-02 07:39:03.606138
http://www.business-standard.com,Mallya assets case: UK Court of Appeal refuses permission to appeal,http://www.business-standard.com/article/current-affairs/mallya-assets-case-uk-court-of-appeal-refuses-permission-to-appeal-118072501519_1.html,2018-08-02 07:39:03.606138
http://www.business-standard.com,Prioritise fake news issue over payments service plans: Govt to WhatsApp,http://www.business-standard.com/article/current-affairs/prioritise-fake-news-issue-over-payments-service-plans-govt-to-whatsapp-118072500965_1.html,2018-08-02 07:39:03.606138
http://www.business-standard.com,Goyal's nod to prosecute ex IRCTC group GM in graft case involving Lalu,http://www.business-standard.com/article/current-affairs/goyal-s-nod-to-prosecute-ex-irctc-group-gm-in-graft-case-involving-lalu-118072501323_1.html,2018-08-02 07:39:03.606138
http://www.business-standard.com,"Mahajan considering privilege notices against Modi, Sitharaman over Rafale",http://www.business-standard.com/article/politics/mahajan-considering-privilege-notices-against-modi-sitharaman-over-rafale-118072500493_1.html,2018-08-02 07:39:03.606138
http://www.business-standard.com,"With eye on federal front, Mamata may meet oppn leaders during Delhi visit",http://www.business-standard.com/article/opinion/mamata-banerjee-expected-to-meet-oppn-leaders-during-3-day-delhi-visit-118072501674_1.html,2018-08-02 07:39:03.606138
http://www.business-standard.com,New CWC: Rahul Gandhi in saddle as Congress gets into election mode,http://www.business-standard.com/article/elections/new-cwc-rahul-gandhi-in-saddle-as-congress-gets-into-election-mode-118072500155_1.html,2018-08-02 07:39:03.606138
http://www.business-standard.com,Madras HC sets aside court order discharging Maran brothers in BSNL case,http://www.business-standard.com/article/current-affairs/madras-hc-sets-aside-court-order-discharging-maran-brothers-in-bsnl-case-118072500418_1.html,2018-08-02 07:39:03.606138
http://www.business-standard.com,'We need to buffer up criminal justice system to suit a growing population',http://www.business-standard.com/article/economy-policy/we-need-to-buffer-up-criminal-justice-system-to-suit-a-growing-population-118072100649_1.html,2018-08-02 07:39:03.606138
http://www.business-standard.com,Success story: India's first female founder of a billion-dollar startup,http://www.business-standard.com/article/companies/how-shopclues-is-battling-amazon-flipkart-to-win-in-india-s-e-com-market-118072100390_1.html,2018-08-02 07:39:03.606138
http://www.business-standard.com,We have a lot to learn from partnership with M&amp;M;: Ford's Anurag Mehrotra,http://www.business-standard.com/article/companies/volume-growth-may-come-at-a-certain-margin-erosion-ford-s-anurag-mehrotra-118071701269_1.html,2018-08-02 07:39:03.606138
http://www.business-standard.com,"Healthy credit growth will boost performance, says Federal Bank MD &amp; CEO",http://www.business-standard.com/article/economy-policy/healthy-credit-growth-will-boost-performance-says-federal-bank-md-ceo-118071701360_1.html,2018-08-02 07:39:03.606138
http://www.business-standard.com,E-way bill has to be generated prior to commencement of transport of goods,http://www.business-standard.com/article/economy-policy/get-shipping-bill-cancelled-when-shipment-shut-out-says-t-n-c-rajagopalan-118071700045_1.html,2018-08-02 07:39:03.606138
http://www.business-standard.com,"Capital efficiency, entrepreneur first will remain key tenets: Parag Dhol",http://www.business-standard.com/article/companies/capital-efficiency-entrepreneur-first-will-remain-key-tenets-parag-dhol-118071200043_1.html,2018-08-02 07:39:03.606138
http://www.business-standard.com,Cashing in on cash is a costly investment mistake. Just ask the millennials,http://www.business-standard.com/article/current-affairs/cashing-in-on-cash-is-a-costly-investment-mistake-just-ask-the-millennials-118072500195_1.html,2018-08-02 07:39:03.606138
http://www.business-standard.com,Want to work in a tech company? You don't need to know how to code,http://www.business-standard.com/article/companies/want-to-work-in-a-tech-company-you-don-t-need-to-know-how-to-code-118072401352_1.html,2018-08-02 07:39:03.606138
http://www.business-standard.com,"Statsguru: World economy to maintain its growth momentum, says IMF",http://www.business-standard.com/article/economy-policy/statsguru-world-economy-to-maintain-its-growth-momentum-says-imf-118072200708_1.html,2018-08-02 07:39:03.606138
http://www.business-standard.com,Statsguru: Economic climate worsens; industrial growth slows to 7-month low,http://www.business-standard.com/article/economy-policy/statsguru-economic-climate-worsens-industrial-growth-slows-to-7-month-low-118071500612_1.html,2018-08-02 07:39:03.606138
http://www.business-standard.com,Statsguru: Sharp hike in minimum support prices likely to up CPI,http://www.business-standard.com/article/economy-policy/statsguru-sharp-hike-in-minimum-support-prices-likely-to-up-cpi-118070800705_1.html,2018-08-02 07:39:03.606138
http://www.business-standard.com,"Hero to focus on scooter, premium bikes segments to boost growth",http://www.business-standard.com/article/companies/hero-to-focus-on-scooter-premium-bikes-segments-to-boost-growth-118072600023_1.html,2018-08-02 07:39:03.606138
http://www.business-standard.com,"Bet on hybrid funds to contain portfolio volatility, suggest market experts",http://www.business-standard.com/article/pf/bet-on-hybrid-funds-to-contain-portfolio-volatility-118072300344_1.html,2018-08-02 07:39:03.606138
http://www.business-standard.com,"Unemployed for over a month? Withdraw 75% of your PF, says Labour Ministry",http://www.business-standard.com/article/economy-policy/unemployed-for-over-a-month-withdraw-75-of-your-pf-says-labour-ministry-118072300411_1.html,2018-08-02 07:39:03.606138
http://www.business-standard.com,"EPFO data: New member enrolment in May highest in last 8 months at 743,608",http://www.business-standard.com/article/pf/epfo-payroll-data-4-4-million-jobs-created-in-9-months-till-may-118072100584_1.html,2018-08-02 07:39:03.606138
http://www.business-standard.com,Transferring home loan balance can be tricky: All you need to know,http://www.business-standard.com/article/pf/transferring-home-loan-balance-can-be-tricky-all-you-need-to-know-118072200620_1.html,2018-08-02 07:39:03.606138
http://www.business-standard.com,Planning to buy a property? Act now before prices begin to inch upward,http://www.business-standard.com/article/pf/planning-to-buy-a-property-act-now-before-prices-begin-to-inch-upward-118072100785_1.html,2018-08-02 07:39:03.606138
http://www.business-standard.com,North Korea: The forbidden country,http://www.business-standard.com/article/beyond-business/north-korea-the-forbidden-country-118072200700_1.html,2018-08-02 07:39:03.606138
http://www.business-standard.com,"Here's what you should know about Rohit Prasad, the man behind Amazon Alexa",http://www.business-standard.com/article/beyond-business/here-s-what-you-should-know-about-rohit-prasad-the-man-behind-alexa-118072300166_1.html,2018-08-02 07:39:03.606138
http://www.business-standard.com,A veiled run for office: Pak polls open new doors for women in Balochistan,http://www.business-standard.com/article/international/a-veiled-run-for-office-pak-polls-open-new-doors-for-women-in-balochistan-118072100639_1.html,2018-08-02 07:39:03.606138
http://www.business-standard.com,Trump slams former lawyer Cohen: What kind of a lawyer would tape a client?,http://www.business-standard.com/article/international/trump-slams-former-lawyer-cohen-what-kind-of-a-lawyer-would-tape-a-client-118072600026_1.html,2018-08-02 07:39:03.606138
http://www.business-standard.com,"Sergio Marchionne, the CEO who saved Fiat Chrysler, dies at the age of 66",http://www.business-standard.com/article/international/sergio-marchionne-the-ceo-who-saved-fiat-chrysler-dies-at-the-age-of-66-118072500914_1.html,2018-08-02 07:39:03.606138
http://www.business-standard.com,"Pakistan elections: Polling ends, counting underway; Imran Khan's PTI leads",http://www.business-standard.com/article/international/pakistan-elections-polling-ends-counting-underway-imran-khan-s-pti-leads-118072501392_1.html,2018-08-02 07:39:03.606138
http://www.business-standard.com,Trump accuses China of targeting US farmers to get concessions on trade,http://www.business-standard.com/article/international/trump-accuses-china-of-targeting-us-farmers-to-get-concessions-on-trade-118072501198_1.html,2018-08-02 07:39:03.606138
http://www.business-standard.com,PNB fraud may become a test case for judging roles of independent directors,http://www.business-standard.com/article/opinion/pnb-fraud-may-become-a-test-case-for-judging-roles-of-independent-directors-118072200623_1.html,2018-08-02 07:39:03.606138
http://www.business-standard.com,Tata-Mistry case: First-round victory for corporate democracy in India,http://www.business-standard.com/article/opinion/tata-mistry-case-first-round-victory-for-corporate-democracy-in-india-118072200673_1.html,2018-08-02 07:39:03.606138
http://www.business-standard.com,Anti-graft Act: How will the amendments impact businesses in India?,http://www.business-standard.com/article/opinion/anti-graft-act-how-will-the-amendments-impact-businesses-in-india-118072200662_1.html,2018-08-02 07:39:03.606138
http://www.business-standard.com,"From trademark row to export duty, here are the key court orders",http://www.business-standard.com/article/opinion/from-trademark-row-to-export-duty-here-are-the-key-court-orders-118072200639_1.html,2018-08-02 07:39:03.606138
http://www.business-standard.com,Grofers plans to increase the private label count to 500 by 2019,http://www.business-standard.com/article/companies/grofers-plans-to-increase-the-private-label-count-to-500-by-2019-118072200712_1.html,2018-08-02 07:39:03.606138
http://www.business-standard.com,PayPal highlights the safety and security features its platform offers,http://www.business-standard.com/article/companies/paypal-highlights-the-safety-and-security-features-its-platform-offers-118072200727_1.html,2018-08-02 07:39:03.606138
http://www.business-standard.com,Anil Agarwal-led Vedanta goes directly to the people to make its case,http://www.business-standard.com/article/companies/anil-agarwal-led-vedanta-goes-directly-to-the-people-to-make-its-case-118072200720_1.html,2018-08-02 07:39:03.606138
http://www.business-standard.com,Indian automobile industry takes inorganic route to support growth cycles,http://www.business-standard.com/article/specials/indian-automobile-industry-takes-inorganic-route-to-support-growth-cycles-118071900026_1.html,2018-08-02 07:39:03.606138
http://www.business-standard.com,Here is how Samsung regained market leadership title from Xiaomi in Q2 2018,http://www.business-standard.com/article/technology/here-is-how-samsung-regained-market-leadership-title-from-xiaomi-in-q2-2018-118072500177_1.html,2018-08-02 07:39:03.606138
http://www.business-standard.com,"itel A62 review: Balanced budget smartphone with 18:9 screen, dual cameras",http://www.business-standard.com/article/technology/itel-a62-review-balanced-budget-smartphone-with-18-9-screen-dual-cameras-118072500125_1.html,2018-08-02 07:39:03.606138
http://www.business-standard.com,"Xiaomi unveils Mi A2, Mi A2 Lite; India launch set for Aug 8: Know details",http://www.business-standard.com/article/technology/xiaomi-unveils-mi-a2-mi-a2-lite-india-launch-set-for-aug-8-know-details-118072401464_1.html,2018-08-02 07:39:03.606138
http://www.business-standard.com,HMD Global to launch notch screen-based Nokia 6.1 Plus in India: Know more,http://www.business-standard.com/article/technology/hmd-global-to-launch-notch-screen-based-nokia-6-1-plus-in-india-know-more-118072300100_1.html,2018-08-02 07:39:03.606138
http://www.business-standard.com,"With non-metro markets in sight, Bombay Dyeing repacks its legacy",http://www.business-standard.com/article/companies/with-non-metro-markets-in-sight-bombay-dyeing-repacks-its-legacy-118072501413_1.html,2018-08-02 07:39:03.606138
http://www.business-standard.com,'Trust ad' starring Amitabh scrapped: What went wrong for Kalyan Jewellers,http://www.business-standard.com/article/companies/caught-on-the-wrong-pitch-kalyan-jewellers-withdraws-new-trust-ad-118072401319_1.html,2018-08-02 07:39:03.606138
http://www.business-standard.com,Did RBI ads during FIFA 2018 drive home the message of financial safety?,http://www.business-standard.com/article/economy-policy/did-rbi-ads-during-fifa-2018-drive-home-the-message-of-financial-safety-118072301428_1.html,2018-08-02 07:39:03.606138
http://www.business-standard.com,"Loss of a year in school is a lesser evil, say states &amp; educationists",http://www.business-standard.com/article/economy-policy/amendment-of-rte-act-a-lesser-evil-states-and-educationists-concur-118072501416_1.html,2018-08-02 07:39:03.606138
http://www.business-standard.com,"India top destination for foreign, domestic educational donations: OECD",http://www.business-standard.com/article/education/india-top-destination-for-foreign-domestic-educational-donations-oecd-118072401219_1.html,2018-08-02 07:39:03.606138
http://www.business-standard.com,"CBSE releases UGC NET 2018 answer key, result likely on July 31",http://www.business-standard.com/article/education/cbse-releases-ugc-net-2018-answer-key-result-likely-on-july-31-118072400646_1.html,2018-08-02 07:39:03.606138
http://www.business-standard.com,Actis raises  $750-mn Asia realty fund to acquire StanChart's portfolio,http://www.business-standard.com/article/companies/actis-raises-750-mn-asia-realty-fund-to-acquire-stanchart-s-portfolio-118062001235_1.html,2018-08-02 07:39:03.606138
http://www.business-standard.com,Realty check: Current rates and unit sizes in Rs 15 mn - 20 mn price range,http://www.business-standard.com/article/pf/realty-check-current-rates-and-unit-sizes-in-rs-15-mn-20-mn-price-range-118062001378_1.html,2018-08-02 07:39:03.606138
http://www.business-standard.com,Rising interest rates threaten Blackstone's first-of-a-kind IPO in India,http://www.business-standard.com/article/companies/rising-interest-rates-threaten-blackstone-s-first-of-a-kind-ipo-in-india-118062000182_1.html,2018-08-02 07:39:03.606138
http://www.business-standard.com,Decoding the Sage,http://www.business-standard.com/article/beyond-business/decoding-the-sage-118072501613_1.html,2018-08-02 07:39:03.606138
http://www.business-standard.com,Why revolutions happen,http://www.business-standard.com/article/beyond-business/why-revolutions-happen-118072401547_1.html,2018-08-02 07:39:03.606138
http://www.business-standard.com,Yankees in the subcontinent,http://www.business-standard.com/article/beyond-business/yankees-in-the-subcontinent-118072301411_1.html,2018-08-02 07:39:03.606138
http://www.business-standard.com,"With car-sized probe, Nasa set to launch first mission to touch the Sun",http://www.business-standard.com/article/international/with-car-sized-probe-nasa-set-to-launch-first-mission-to-touch-the-sun-118072300186_1.html,2018-08-02 07:39:03.606138
http://www.business-standard.com,Here's a look at some brands that are making India artificially intelligent,http://www.business-standard.com/article/current-affairs/here-s-a-look-at-some-brands-that-are-making-india-artificially-intelligent-118072100226_1.html,2018-08-02 07:39:03.606138
http://www.business-standard.com,"We live in Meghalayan Age, reveal ancient rocks in caves of northeast state",http://www.business-standard.com/article/current-affairs/meghalayan-age-started-4-200-years-ago-rocks-in-northeast-cave-reveal-118071800479_1.html,2018-08-02 07:39:03.606138
http://www.cnbc.com,"Indians dodged a half billion in sales taxes over 12 months, government says",http://www.cnbc.com/2018/08/01/india-gst-evasion-detected-at-nearly-half-a-billion-dollars.html,2018-08-02 07:39:03.606138
http://www.cnbc.com,This self-made billionaire started his first company at 16 with a $500 loan,http://www.cnbc.com/2018/07/30/how-div-turakhia-became-indias-youngest-self-made-billionaire.html,2018-08-02 07:39:03.606138
http://www.cnbc.com,Investors worry US 'visas to millionaires' program may soon be overhauled,http://www.cnbc.com/2018/07/30/eb-5-investors-worry-us-visas-to-millionaires-may-soon-be-overhauled.html,2018-08-02 07:39:03.606138
http://www.cnbc.com,India stocks hit record highs as experts consider their 'safe haven' potential,http://www.cnbc.com/2018/07/27/india-equities-at-record-highs-potential-safe-haven.html,2018-08-02 07:39:03.606138
http://www.cnbc.com,"Intra-BRICS trade still has momentum<span class="" cnbc-font-icon icon-cnbc-video"">Â </span>Â Â ",http://www.cnbc.com/video/2018/07/27/intra-brics-trade-still-has-momentum.html,2018-08-02 07:39:03.606138
http://www.cnbc.com,Former cricket star Imran Khan claims victory in Pakistanâs violence-plagued electionÂ ,http://www.cnbc.com/2018/07/26/former-cricket-star-imran-khan-claims-victory-in-pakistans-violence-p.html,2018-08-02 07:39:03.606138
http://www.cnbc.com,China and India launch investment spree in Africa ahead of key summit,http://www.cnbc.com/2018/07/25/china-xi-and-india-modi-lend-to-africa-ahead-of-brics-summit.html,2018-08-02 07:39:03.606138
http://www.cnbc.com,SpaceX 14th launch successful; rocket sticks barge landing despite rough seasÂ ,http://www.cnbc.com/2018/07/25/spacex-iridium-7-launch-will-try-to-catch-rocket-nosecone-with-a-boat.html,2018-08-02 07:39:03.606138
http://www.cnbc.com,"China to take the lead on trade at BRICS summit<span class="" cnbc-font-icon icon-cnbc-video"">Â </span>Â Â ",http://www.cnbc.com/video/2018/07/25/china-to-take-the-lead-on-trade-at-brics-summit.html,2018-08-02 07:39:03.606138
http://www.cnbc.com,The world's major emerging economies could end up benefiting from global trade tensions,http://www.cnbc.com/2018/07/25/brics-could-benefit-from-global-trade-tensions.html,2018-08-02 07:39:03.606138
http://www.cnbc.com,"Terrorism, corruption and Chinese investment: The stakes in Pakistanâs second-ever democratic vote",http://www.cnbc.com/2018/07/24/terrorism-corruption-and-chinese-investment-the-stakes-in-pakistans.html,2018-08-02 07:39:03.606138
http://www.cnbc.com,Vaccine scandals taint Beijing's ambition to become a global pharmaceutical powerhouse,http://www.cnbc.com/2018/07/24/tainted-vaccines-mar-beijings-made-in-china-2025-pharma-ambition.html,2018-08-02 07:39:03.606138
http://www.cnbc.com,"Xi and Modi just visited Rwanda and supplied millions of dollars, here's why",http://www.cnbc.com/2018/07/24/china-xi-india-modi-visit-rwanda-kagame.html,2018-08-02 07:39:03.606138
http://www.cnbc.com,Facebook and 3 millennials are changing the start-up scene in Bangladesh,http://www.cnbc.com/2018/07/17/shopup-bangladesh-start-up-uses-facebook-to-help-micro-entrepreneurs.html,2018-08-02 07:39:03.606138
http://www.cnbc.com,"From apples to almonds, looming tariffs from India could hurt West Coast growers",http://www.cnbc.com/2018/07/19/looming-tariffs-from-india-could-hurt-us-apple-nut-growers.html,2018-08-02 07:39:03.606138
http://www.cnbc.com,Blue Origin pushes the limits of its capsule designed for tourists in second successful launch this year,http://www.cnbc.com/2018/07/18/blue-origin-livestream-watch-rocket-new-shepard-max-out-in-9th-flight.html,2018-08-02 07:39:03.606138
http://www.cnbc.com,"Investment in energy fell again in 2017, raising fresh concerns about security and climate change",http://www.cnbc.com/2018/07/16/investment-in-energy-fell-again-in-2017-international-energy-agency.html,2018-08-02 07:39:03.606138
http://www.cnbc.com,How start-ups are positioning healthy food to make 'a lot of business sense',http://www.cnbc.com/2018/07/13/how-start-ups-position-healthy-food-to-make-a-lot-of-business-sense.html,2018-08-02 07:39:03.606138
http://www.cnbc.com,"Cambridge Analytica must answer to India or 'face the consequences,' lawmaker says",http://www.cnbc.com/2018/07/11/cambridge-analytica-must-answer-india-says-minister-prasad.html,2018-08-02 07:39:03.606138
http://www.cnbc.com,"South Korea 'needs to diversify' to faster growing markets: Economist<span class="" cnbc-font-icon icon-cnbc-video"">Â </span>Â Â ",http://www.cnbc.com/video/2018/07/09/south-korea-needs-to-diversify-to-faster-growing-markets-economist.html,2018-08-02 07:39:03.606138
http://economictimes.indiatimes.com,How Muzaffarpur case accused Brajesh Thakur built his clout,http://economictimes.indiatimes.com/news/politics-and-nation/how-muzaffarpur-case-accused-brajesh-thakur-built-his-clout/articleshow/65234916.cms,2018-08-02 07:39:03.606138
http://economictimes.indiatimes.com,CBI to file new charge sheet against Vijay Mallya,http://economictimes.indiatimes.com/news/politics-and-nation/cbi-to-file-new-charge-sheet-against-vijay-mallya/articleshow/65234844.cms,2018-08-02 07:39:03.606138
http://economictimes.indiatimes.com,Kashmir unites in defence of its special privileges,http://economictimes.indiatimes.com/news/politics-and-nation/kashmir-unites-in-defence-of-its-special-privileges/articleshow/65234828.cms,2018-08-02 07:39:03.606138
http://economictimes.indiatimes.com,"Cabinet clears changes to GST laws, to be placed in Parliament",http://economictimes.indiatimes.com/news/economy/policy/cabinet-clears-changes-to-gst-laws-to-be-placed-in-parliament/articleshow/65233267.cms,2018-08-02 07:39:03.606138
http://economictimes.indiatimes.com,"Cabinet approves raising Rs 15,000 crore Extra Budgetary Resources for Swachh Bharat Mission",http://economictimes.indiatimes.com/news/economy/policy/cabinet-approves-raising-rs-15000-crore-extra-budgetary-resources-for-swachh-bharat-mission/articleshow/65233721.cms,2018-08-02 07:39:03.606138
http://economictimes.indiatimes.com,"Trade setup: Market rally set to stall, Nifty may consolidate a bit",http://economictimes.indiatimes.com/markets/stocks/news/trade-setup-nifty50-rally-to-stall-as-it-may-consolidate-a-bit-more/articleshow/65232860.cms,2018-08-02 07:39:03.606138
http://economictimes.indiatimes.com,Tech view: Nifty50 forms Spinning Top pattern,http://economictimes.indiatimes.com/markets/stocks/news/tech-view-nifty-forms-spinning-top-pause-in-momentum-likely/articleshow/65230273.cms,2018-08-02 07:39:03.606138
http://economictimes.indiatimes.com,RBIâs stance signals a possible drop in inflation; key takeaways,http://economictimes.indiatimes.com/markets/stocks/news/rbi-hikes-repo-rate-by-25-bps-to-6-5-key-takeaways/articleshow/65228031.cms,2018-08-02 07:39:03.606138
http://economictimes.indiatimes.com,Q&amp;A with RBI: We may be heading for Fx war,http://economictimes.indiatimes.com/markets/stocks/news/world-probably-at-the-start-of-a-currency-war-rbi-governor/articleshow/65227883.cms,2018-08-02 07:39:03.606138
http://economictimes.indiatimes.com,"Fed leaves rate unchanged, says economy growing at strong pace",http://economictimes.indiatimes.com/markets/stocks/news/fed-leaves-interest-rate-unchanged-says-economy-growing-at-strong-rate/articleshow/65234829.cms,2018-08-02 07:39:03.606138
https://in.finance.yahoo.com,India to offer tax benefits to promote cashless economy - Arun Jaitley,https://in.finance.yahoo.com/news/india-offer-tax-benefit-promote-081341980.html,2018-08-02 07:39:03.606138
https://in.finance.yahoo.com,U.S. investigates 1 million Fiat Chrysler vehicles for roll-away crashes,https://in.finance.yahoo.com/news/u-investigates-1-million-fiat-105736674.html,2018-08-02 07:39:03.606138
https://in.finance.yahoo.com,Gold slips as dollar rebounds towards multi-year highs,https://in.finance.yahoo.com/news/gold-dips-first-time-three-011131980.html,2018-08-02 07:39:03.606138
https://in.finance.yahoo.com,Sensex falls for fifth session; financials drag,https://in.finance.yahoo.com/news/sensex-heads-fifth-straight-fall-071318578.html,2018-08-02 07:39:03.606138
https://in.finance.yahoo.com,Weak global cues drag Indian equities lower,https://in.finance.yahoo.com/news/weak-global-cues-drag-indian-084604771.html,2018-08-02 07:39:03.606138
https://in.finance.yahoo.com,"Dollar climbs as attacks subdue euro, BOJ saps yen",https://in.finance.yahoo.com/news/yen-attacks-germany-turkey-stocks-011353872.html,2018-08-02 07:39:03.606138
https://in.finance.yahoo.com,German Fin Min tells paper euro zone will fall apart if don't follow rules,https://in.finance.yahoo.com/news/german-fin-min-tells-paper-095312794.html,2018-08-02 07:39:03.606138
https://in.finance.yahoo.com,Lloyds banks on credit card growth with $2.4 billion MBNA buy,https://in.finance.yahoo.com/news/lloyds-banks-credit-card-growth-092648523.html,2018-08-02 07:39:03.606138
https://in.finance.yahoo.com,"BOJ upbeat on economy, Kuroda shrugs off talk of rate hike",https://in.finance.yahoo.com/news/boj-seen-offering-brighter-view-023136526.html,2018-08-02 07:39:03.606138
https://in.finance.yahoo.com,HIGHLIGHTS: BOJ Governor Kuroda comments at news conference,https://in.finance.yahoo.com/news/highlights-boj-governor-kuroda-comments-064727439.html,2018-08-02 07:39:03.606138
https://in.finance.yahoo.com,Apple in talks with India to manufacture locally - WSJ,https://in.finance.yahoo.com/news/apple-talks-india-manufacture-locally-084715037.html,2018-08-02 07:39:03.606138
https://in.finance.yahoo.com,LSE Group in talks to sell French LCH Clearnet ops to Euronext,https://in.finance.yahoo.com/news/euronext-talks-buy-french-lch-074719948.html,2018-08-02 07:39:03.606138
https://in.finance.yahoo.com,Oil steady in timid trade ahead of holiday season,https://in.finance.yahoo.com/news/oil-prices-steady-run-christmas-004827813.html,2018-08-02 07:39:03.606138
https://in.finance.yahoo.com,Flock launches world's first chat OS,https://in.finance.yahoo.com/news/flock-launches-worlds-first-chat-081406390.html,2018-08-02 07:39:03.606138
https://in.finance.yahoo.com,"Pakistan Senate proposes scrapping the biggest currency note, govt opposes",https://in.finance.yahoo.com/news/pakistan-senate-proposes-scrapping-biggest-080536031.html,2018-08-02 07:39:03.606138
https://in.finance.yahoo.com,Volvo Cars raises $500 million in step towards IPO,https://in.finance.yahoo.com/news/volvo-cars-raises-500-million-080229220.html,2018-08-02 07:39:03.606138
https://in.finance.yahoo.com,"Zen Mobile launches 'Cinemax Click' smartphone at Rs 6,190",https://in.finance.yahoo.com/news/zen-mobile-launches-cinemax-click-075405298.html,2018-08-02 07:39:03.606138
https://in.finance.yahoo.com,Now book Uber on Micromax smartphone with one touch,https://in.finance.yahoo.com/news/now-book-uber-micromax-smartphone-073808757.html,2018-08-02 07:39:03.606138
https://in.finance.yahoo.com,British court orders Vedanta's Zambia unit to pay government $100 million,https://in.finance.yahoo.com/news/british-court-orders-vedantas-zambia-065536422.html,2018-08-02 07:39:03.606138
https://in.finance.yahoo.com,Jaitley hints at no populist measures for railways in next budget,https://in.finance.yahoo.com/news/jaitley-hints-no-populist-measures-065003132.html,2018-08-02 07:39:03.606138
https://in.finance.yahoo.com,8 simple ways to make your employees feel valued,https://in.finance.yahoo.com/news/8-simple-ways-employees-feel-064050128.html,2018-08-02 07:39:03.606138
https://in.finance.yahoo.com,China should limit yuan falls to 5 percent in 2017 - former c.bank adviser,https://in.finance.yahoo.com/news/china-limit-yuan-falls-5-053254559.html,2018-08-02 07:39:03.606138
https://in.finance.yahoo.com,"China stocks fall on liquidity stress, Hong Kong also down",https://in.finance.yahoo.com/news/china-stocks-fall-liquidity-stress-043500279.html,2018-08-02 07:39:03.606138
https://in.finance.yahoo.com,"Lagarde keeps IMF job, escapes penalty after negligence conviction in France",https://in.finance.yahoo.com/news/lagarde-keeps-imf-job-escapes-004159887.html,2018-08-02 07:39:03.606138
https://in.finance.yahoo.com,"Better rules, long IPO wait mean secondary market boom for 'unicorns'",https://in.finance.yahoo.com/news/better-rules-long-ipo-wait-032732634.html,2018-08-02 07:39:03.606138
https://in.finance.yahoo.com,China to include off-balance sheet wealth products in risk assessment - sources,https://in.finance.yahoo.com/news/china-off-balance-sheet-wealth-024951980.html,2018-08-02 07:39:03.606138
https://in.finance.yahoo.com,Asia set for biggest refining capacity jump in three years,https://in.finance.yahoo.com/news/asia-set-biggest-refining-capacity-022952156.html,2018-08-02 07:39:03.606138
https://in.finance.yahoo.com,China fines firms for using BMW-like trademark - media,https://in.finance.yahoo.com/news/china-fines-firms-using-bmw-012919159.html,2018-08-02 07:39:03.606138
https://in.finance.yahoo.com,"IMF's Lagarde keeps job, escapes penalty after negligence conviction in France",https://in.finance.yahoo.com/news/imfs-lagarde-found-guilty-french-142748201.html,2018-08-02 07:39:03.606138
https://in.finance.yahoo.com,Exclusive - U.S. proposed $5 billion-7 billion penalty on Credit Suisse on toxic debt: source,https://in.finance.yahoo.com/news/exclusive-u-proposed-5-7-204027160.html,2018-08-02 07:39:03.606138
https://in.finance.yahoo.com,IMF board reaffirms confidence in Lagarde after negligence verdict,https://in.finance.yahoo.com/news/imf-board-reaffirms-confidence-lagarde-224217745.html,2018-08-02 07:39:03.606138
https://in.finance.yahoo.com,"Global stocks, dollar edge higher but safe havens get bid after Turkey, Germany attacks",https://in.finance.yahoo.com/news/dollar-yields-stocks-cool-jets-092505754.html,2018-08-02 07:39:03.606138
https://in.finance.yahoo.com,U.S. charges Platinum Partners executives with $1 billion fraud,https://in.finance.yahoo.com/news/u-charges-platinum-partners-execs-174033963.html,2018-08-02 07:39:03.606138
https://in.finance.yahoo.com,Italy seeks to borrow 20 billion euros to prop up banking sector,https://in.finance.yahoo.com/news/italian-bank-monte-paschi-says-113543847.html,2018-08-02 07:39:03.606138
https://in.finance.yahoo.com,Wall Street extends rally but Germany truck deaths reduce gains,https://in.finance.yahoo.com/news/wall-street-opens-little-changed-144649133.html,2018-08-02 07:39:03.606138
https://in.finance.yahoo.com,Key investor says to go ahead with Monte dei Paschi investment,https://in.finance.yahoo.com/news/key-investor-says-ahead-monte-203135420.html,2018-08-02 07:39:03.606138
https://in.finance.yahoo.com,"Oil near flat in quiet trade, supply outlook unclear",https://in.finance.yahoo.com/news/oil-prices-rise-anticipation-tighter-022914707.html,2018-08-02 07:39:03.606138
https://in.finance.yahoo.com,Gold buoyed as geopolitical tensions offset stronger dollar,https://in.finance.yahoo.com/news/gold-prices-gain-weaker-u-023406165.html,2018-08-02 07:39:03.606138
https://in.finance.yahoo.com,"Cyrus Mistry quits Tata group company boards, but vows to fight on",https://in.finance.yahoo.com/news/former-tata-sons-chairman-cyrus-142427470.html,2018-08-02 07:39:03.606138
https://in.finance.yahoo.com,Intesa Sanpaolo not aware of any probe over Rosneft deal,https://in.finance.yahoo.com/news/intesa-sanpaolo-not-aware-probe-162840171.html,2018-08-02 07:39:03.606138
https://in.finance.yahoo.com,Volkswagen agrees to spend up to C$2.1 billion over Canadian emissions,https://in.finance.yahoo.com/news/volkswagen-agrees-spend-c-2-175827760.html,2018-08-02 07:39:03.606138
https://in.finance.yahoo.com,Exclusive: Qatari bank trio in talks for potential $44 bln merger,https://in.finance.yahoo.com/news/exclusive-qatari-bank-trio-talks-180600407.html,2018-08-02 07:39:03.606138
https://in.finance.yahoo.com,"Mistry's resignation a strategy, says Tata Sons",https://in.finance.yahoo.com/news/mistrys-resignation-strategy-says-tata-175404986.html,2018-08-02 07:39:03.606138
https://in.finance.yahoo.com,Bosch expected to settle U.S. VW diesel claims for $300 million - source,https://in.finance.yahoo.com/news/bosch-expected-settle-u-vw-153130558.html,2018-08-02 07:39:03.606138
https://in.finance.yahoo.com,GSK boosts board-level science as new CEO prepares to take over,https://in.finance.yahoo.com/news/gsk-boosts-board-level-science-163352959.html,2018-08-02 07:39:03.606138
https://in.finance.yahoo.com,Will step down from Tata Group companies' posts: Mistry,https://in.finance.yahoo.com/news/step-down-tata-group-companies-140604340.html,2018-08-02 07:39:03.606138
https://in.finance.yahoo.com,Murdoch denies pressuring UK prime ministers ahead of Sky submission,https://in.finance.yahoo.com/news/murdoch-denies-pressuring-uk-prime-153429941.html,2018-08-02 07:39:03.606138
https://in.finance.yahoo.com,Deutsche Bank could settle U.S. penalty this week - source,https://in.finance.yahoo.com/news/deutsche-bank-could-settle-u-145116043.html,2018-08-02 07:39:03.606138
https://in.finance.yahoo.com,Saudi Arabia crude exports fall to 7.636 mln bpd in Oct - JODI,https://in.finance.yahoo.com/news/saudi-arabia-crude-exports-fall-151629070.html,2018-08-02 07:39:03.606138
https://in.finance.yahoo.com,Japan to review drug prices annually rather than every two years - sources,https://in.finance.yahoo.com/news/japan-review-drug-prices-annually-151532644.html,2018-08-02 07:39:03.606138
https://in.finance.yahoo.com,India to offer tax benefits to promote cashless economy - Arun Jaitley,https://in.finance.yahoo.com/news/india-offer-tax-benefit-promote-081341980.html,2018-08-02 07:39:03.606138
http://www.financialexpress.com,Cloud lifts: IMD predicts normal monsoon,http://www.financialexpress.com/economy/cloud-lifts-imd-predicts-normal-monsoon/1135535/,2018-08-02 07:39:03.606138
http://www.financialexpress.com,"Indian economy to grow by 7.3 pct this fiscal, demonetisation, GST effects over, says World Bank",http://www.financialexpress.com/economy/indian-economy-to-grow-by-7-3-pct-this-fiscal-demonetisation-gst-effects-over-says-world-bank/1135573/,2018-08-02 07:39:03.606138
http://www.financialexpress.com,RBI may give freer rein to Rupee as US puts India on monitoring list for currency manipulation,http://www.financialexpress.com/economy/rbi-may-give-freer-rein-to-rupee-as-us-puts-india-on-monitoring-list-for-currency-manipulation/1134655/,2018-08-02 07:39:03.606138
http://www.financialexpress.com,"Army man Mir Idrees Sultan goes missing in Shopian, believed to have joined Hizbul Mujahideen: Police",http://www.financialexpress.com/india-news/army-man-mir-idrees-sultan-goes-missing-in-shopian-believed-to-have-joined-hizbul-mujahideen-police/1135579/,2018-08-02 07:39:03.606138
http://www.financialexpress.com,"Mecca Masjid blast case verdict: Judge acquits accused, quits hours later",http://www.financialexpress.com/india-news/mecca-masjid-blast-case-verdict-judge-acquits-accused-quits-hours-later/1135551/,2018-08-02 07:39:03.606138
http://www.financialexpress.com,Why PM Modi needs to just say he will honour Cairn ruling,http://www.financialexpress.com/opinion/why-pm-modi-needs-to-just-say-he-will-honour-cairn-ruling/1135498/,2018-08-02 07:39:03.606138
http://www.financialexpress.com,RBI must not relax new rule - Here is why,http://www.financialexpress.com/opinion/rbi-must-not-relax-new-rule-here-is-why/1135497/,2018-08-02 07:39:03.606138
http://www.financialexpress.com,Why PM Modi needs to just say he will honour Cairn ruling,http://www.financialexpress.com/opinion/why-pm-modi-needs-to-just-say-he-will-honour-cairn-ruling/1135498/,2018-08-02 07:39:03.606138
http://www.financialexpress.com,Ringside View: The normal one,http://www.financialexpress.com/opinion/ringside-view-the-normal-one/1133570/,2018-08-02 07:39:03.606138
http://www.financialexpress.com,WhatsApp activates request payments feature for some users,http://www.financialexpress.com/industry/technology/whatsapp-activates-request-payments-feature-for-some-users/1135473/,2018-08-02 07:39:03.606138
http://www.financialexpress.com,"NPA in India: PSBs failing to recover bad loans, UCO Bank tops chart; check full list",http://www.financialexpress.com/industry/banking-finance/npa-in-india-psbs-failing-to-recover-bad-loans-uco-bank-tops-chart-check-full-list/1135559/,2018-08-02 07:39:03.606138
http://www.financialexpress.com,Bankruptcy proceedings: Uttam Galva to repay SBI if kept from NCLT,http://www.financialexpress.com/industry/bankruptcy-proceedings-uttam-galva-to-repay-sbi-if-kept-from-nclt/1135543/,2018-08-02 07:39:03.606138
http://www.financialexpress.com,Why Indians drink less beer than rest of Asia; the reason is a little whiskey and a lot of restrictions,http://www.financialexpress.com/industry/why-indians-drink-less-beer-than-rest-of-asia-the-reason-is-a-little-whiskey-and-a-lot-of-restrictions/1109843/,2018-08-02 07:39:03.606138
http://www.financialexpress.com,WhatsApp Security Update: This is how you can stop sharing data with Facebook - What users must know,http://www.financialexpress.com/industry/technology/whatsapp-security-update-this-is-how-you-can-stop-sharing-data-with-facebook-what-users-must-know/1135257/,2018-08-02 07:39:03.606138
http://www.financialexpress.com,Comparing mobile tariff gets easy! TRAI unveils beta site for comparison of telcos' rates,http://www.financialexpress.com/industry/comparing-mobile-tariff-gets-easy-trai-unveils-beta-site-for-comparison-of-telcos-rates/1135056/,2018-08-02 07:39:03.606138
http://www.financialexpress.com,Here is how to assign power of attorney for mutual fund investments,http://www.financialexpress.com/money/here-is-how-to-assign-power-of-attorney-for-mutual-fund-investments/1135442/,2018-08-02 07:39:03.606138
http://www.financialexpress.com,Kotak Mahindra Bank topples SBI to become India's 2nd largest bank by market cap,http://www.financialexpress.com/market/kotak-mahindra-bank-topples-sbi-to-become-indias-2nd-largest-bank-by-market-cap/1134769/,2018-08-02 07:39:03.606138
http://www.livemint.com,JSW Energy's buyout plans for Bina power plant stuck,http://www.livemint.com/Industry/nPmwarcIhfHLyWfUtPtJ5H/JSW-Energys-buyout-plans-for-Bina-power-plant-stuck.html,2018-08-02 07:39:03.606138
http://www.livemint.com,"Exit Dhoni, enter Steve Smith: Pune makes a smart change",http://www.livemint.com/Opinion/DxycvyHaLrOneyu6fPQVcO/Exit-Dhoni-enter-Steve-Smith-Pune-makes-a-smart-change.html,2018-08-02 07:39:03.606138
http://www.livemint.com,Infosys ceasefire leaves three questions unanswered,http://www.livemint.com/Opinion/9Q9Oc2EjjsWforcv4aNdBO/Infosys-ceasefire-leaves-three-questions-unanswered.html,2018-08-02 07:39:03.606138
http://www.livemint.com,Paytm to invest Rs600 crore over 10 months to expand QR code payment system,http://www.livemint.com/Companies/ZyhXWMzPE3fzK5q27bJi5I/Paytm-to-invest-Rs600-crore-over-10-months-to-expand-QR-code.html,2018-08-02 07:39:03.606138
http://www.livemint.com,"Saks Fifth Avenue planning India stores, in talks with Aditya Birla Fashion",http://www.livemint.com/Companies/UM4XypWRxt7CwwRNoJGReL/Saks-Fifth-Avenue-planning-India-stores-in-talks-with-Adity.html,2018-08-02 07:39:03.606138
http://www.livemint.com,"Carlyle, TPG, Warburg Pincus in talks to buy stake in Indira IVF Hospitals",http://www.livemint.com/Companies/Hc3dNsw66lP6oNRJuXUPlL/Carlyle-TPG-Warburg-Pincus-in-talks-to-buy-stake-in-Indira.html,2018-08-02 07:39:03.606138
http://www.livemint.com,The economics of immigration reform,http://www.livemint.com/Politics/tIxgqxJlyAzKmfVxnXNjyJ/The-economics-of-immigration-reform.html,2018-08-02 07:39:03.606138
http://www.livemint.com,"Husbands, not mother-in-laws, might be behind son preference in India",http://www.livemint.com/Politics/VPBFKXje8IrPmcx4mb06NI/Husbands-not-motherinlaws-might-be-behind-son-preference.html,2018-08-02 07:39:03.606138
http://www.livemint.com,"Finance ministry starts listing process of three rail PSUsâIRCTC, IRFC, IRCON",http://www.livemint.com/Money/ZciGSFEzTjhWr9tlYOL02H/Finance-ministry-starts-listing-process-of-three-rail-PSUsI.html,2018-08-02 07:39:03.606138
http://www.livemint.com,When mutual funds say no to your money,http://www.livemint.com/Money/1Qb8gCZvdZ8MQXSULWWCzI/When-mutual-funds-say-no-to-your-money.html,2018-08-02 07:39:03.606138
http://www.moneycontrol.com/news/,Business,http://www.moneycontrol.com/news/business,2018-08-02 07:39:03.606138
http://www.moneycontrol.com/news/,Markets,http://www.moneycontrol.com/news/business/markets,2018-08-02 07:39:03.606138
http://www.moneycontrol.com/news/,Stocks,http://www.moneycontrol.com/news/business/stocks,2018-08-02 07:39:03.606138
http://www.moneycontrol.com/news/,Economy,http://www.moneycontrol.com/news/business/economy,2018-08-02 07:39:03.606138
http://www.moneycontrol.com/news/,Mutual Funds,http://www.moneycontrol.com/news/business/mutual-funds,2018-08-02 07:39:03.606138
http://www.moneycontrol.com/news/,Personal Finance,http://www.moneycontrol.com/news/business/personal-finance,2018-08-02 07:39:03.606138
http://www.moneycontrol.com/news/,IPO,http://www.moneycontrol.com/news/business/ipo,2018-08-02 07:39:03.606138
http://www.moneycontrol.com/news/,Startups,http://www.moneycontrol.com/news/business/startups,2018-08-02 07:39:03.606138
http://www.moneycontrol.com/news/,Sitemap,http://www.moneycontrol.com/news/sitemap/sitemap.php,2018-08-02 07:39:03.606138
http://profit.ndtv.com/news/latest,Asian Stocks Fall Ahead Of US Federal Reserve Policy Meeting,http://profit.ndtv.com/news/stocks/article-asian-stocks-fall-ahead-of-us-federal-reserve-policy-meeting-1826048,2018-08-02 07:39:03.606138
http://profit.ndtv.com/news/latest,"Petrol, Diesel Rates Hiked Marginally. How Much You Pay In Top Cities",http://profit.ndtv.com/news/economy/article-petrol-diesel-rates-hiked-marginally-find-out-how-much-to-pay-today-rate-changes-in-recent-months-1826042,2018-08-02 07:39:03.606138
http://profit.ndtv.com/news/latest,Sebi Exempts Centre From Making Open Offers In These 6 Public Sector Banks,http://profit.ndtv.com/news/banking-financial-services/article-sebi-exempts-centre-from-making-open-offers-in-these-6-public-sector-banks-1826040,2018-08-02 07:39:03.606138
http://profit.ndtv.com/news/latest,Vistara Logs Over 95% occupancy in Economy class Seats In February,http://profit.ndtv.com/news/aviation/article-vistara-logs-95-occupancy-plf-in-economy-class-flight-tickets-latest-details-here-1826030,2018-08-02 07:39:03.606138
http://profit.ndtv.com/news/latest,"Aadhaar Card Project Helped Government Save Rs 50,000 Crore, Says UIDAI",http://profit.ndtv.com/news/economy/article-aadhaar-card-has-saved-rs-57-000-crore-of-the-country-says-uidai-1825929,2018-08-02 07:39:03.606138
http://profit.ndtv.com/news/latest,"UltraTech Offers To Buy The Stressed Binani Cement For Rs 7,266 Crore",http://profit.ndtv.com/news/corporates/article-ultratech-cement-offers-to-buy-the-stressed-binani-cement-for-rs-7-266-crore-1825914,2018-08-02 07:39:03.606138
http://profit.ndtv.com/news/latest,Google Extends Areo's Services To Pune,http://profit.ndtv.com/news/tech-media-telecom/article-google-extends-areo-services-to-pune-1820230,2018-08-02 07:39:03.606138
http://profit.ndtv.com/news/latest,Union Bank Has $300 Million Exposure In PNB Fraud Case,http://profit.ndtv.com/news/banking-financial-services/article-union-bank-has-300-million-exposure-in-pnb-fraud-case-1813622,2018-08-02 07:39:03.606138
http://profit.ndtv.com/news/latest,Amazon Settles Back Tax Case with France For Undisclosed Amount,http://profit.ndtv.com/news/announcements/article-amazon-settles-back-tax-case-with-france-for-undisclosed-amount-budget-2018-1808858,2018-08-02 07:39:03.606138
http://profit.ndtv.com/news/latest,Government Should Reduce Capital Gains Tax Window,http://profit.ndtv.com/news/opinion/article-government-should-reduce-capital-gains-tax-window-1807015,2018-08-02 07:39:03.606138
http://profit.ndtv.com/news/latest,Budget 2018 Must Focus On Reducing Interest Rate On Home Loans,http://profit.ndtv.com/news/opinion/article-budget-2018-must-focus-on-reducing-interest-rate-on-home-loans-1807005,2018-08-02 07:39:03.606138
http://profit.ndtv.com/news/latest,Government Must Cap GST Rates For Skill Training Services,http://profit.ndtv.com/news/opinion/article-budget-2018-government-must-cap-gst-rates-for-skill-training-services-1806104,2018-08-02 07:39:03.606138
http://profit.ndtv.com/news/latest,Taxing The Bankrupt - Deliverance Needed,http://profit.ndtv.com/news/opinion/article-taxing-the-bankrupt-deliverance-needed-1805123,2018-08-02 07:39:03.606138
http://profit.ndtv.com/news/latest,Tax Revision May Enhance Real Estate Industry,http://profit.ndtv.com/news/opinion/article-tax-revision-may-enhance-real-estate-industry-1805049,2018-08-02 07:39:03.606138
http://profit.ndtv.com/news/latest,GST Rates On Construction Materials Should Be Normalised,http://profit.ndtv.com/news/opinion/article-gst-rates-on-construction-materials-should-be-normalised-1804969,2018-08-02 07:39:03.606138
http://profit.ndtv.com/news/latest,Corporate Tax Rates Must Be Reduced To 20%,http://profit.ndtv.com/news/opinion/article-corporate-tax-rate-must-be-reduced-to-20-1804944,2018-08-02 07:39:03.606138
http://profit.ndtv.com/news/latest,Budget 2018 Should Also Focus On Tourism Industry,http://profit.ndtv.com/news/opinion/article-budget-2018-should-also-focus-on-tourism-industry-1804938,2018-08-02 07:39:03.606138
http://profit.ndtv.com/news/latest,Digital Healthcare Only Way To Tackle Uneven Distribution Of Doctors,http://profit.ndtv.com/news/opinion/article-digital-healthcare-only-way-to-tackle-uneven-distribution-of-doctors-1804779,2018-08-02 07:39:03.606138
http://profit.ndtv.com/news/latest,Insurance Sector Needs Tax Breaks On Vocational Training,http://profit.ndtv.com/news/opinion/article-insurance-sector-needs-tax-breaks-on-vocational-training-1806150,2018-08-02 07:39:03.606138
http://profit.ndtv.com/news/latest,"Flipkart, Amazon Issue Conflicting Claims Over Three-Day Sale",http://profit.ndtv.com/news/corporates/article-flipkart-amazon-issue-conflicting-claims-over-three-day-sale-1804355,2018-08-02 07:39:03.606138
http://in.reuters.com/news/top-news,"Jaitley defends citizenship test, citing Muslim growth",http://in.reuters.com/news/top-news/article/india-politics-religion/jaitley-defends-citizenship-test-citing-muslim-growth-idINKBN1KM4ZV,2018-08-02 07:39:03.606138
http://in.reuters.com/news/top-news,RBI hikes key rate by 25 bps for second straight meet; 'neutral' stance kept,http://in.reuters.com/news/top-news/article/india-economy-rates/rbi-hikes-key-rate-by-25-bps-for-second-straight-meet-neutral-stance-kept-idINKBN1KL36D,2018-08-02 07:39:03.606138
http://in.reuters.com/news/top-news,Exclusive: Nissan close to settling dispute with India over unpaid incentives,http://in.reuters.com/news/top-news/article/nissan-india-arbitration/exclusive-nissan-close-to-settling-dispute-with-india-over-unpaid-incentives-idINKBN1KM53K,2018-08-02 07:39:03.606138
http://in.reuters.com/news/top-news,"India's monsoon rain forecast cut, farm output seen at risk",http://in.reuters.com/news/top-news/article/india-monsoon/indias-monsoon-rain-forecast-cut-farm-output-seen-at-risk-idINKBN1KM426,2018-08-02 07:39:03.606138
http://in.reuters.com/news/top-news,Samsung borrows from Chinese playbook in battle for India's smartphone market,http://in.reuters.com/news/top-news/article/samsung-elec-smartphones-india/samsung-borrows-from-chinese-playbook-in-battle-for-indias-smartphone-market-idINKBN1KM4C9,2018-08-02 07:39:03.606138
http://in.reuters.com/news/top-news,Trump urges attorney general to end Russia probe 'right now',http://in.reuters.com/news/top-news/article/usa-trump-russia/trump-urges-attorney-general-to-end-russia-probe-right-now-idINKBN1KM53A,2018-08-02 07:39:03.606138
http://in.reuters.com/news/top-news,"Three killed as Zimbabwe troops, protesters clash after vote",http://in.reuters.com/news/top-news/article/zimbabwe-election/three-killed-as-zimbabwe-troops-protesters-clash-after-vote-idINKBN1KM3O7,2018-08-02 07:39:03.606138
http://in.reuters.com/news/top-news,WhatsApp to start charging business users,http://in.reuters.com/news/top-news/article/facebook-whatsapp/whatsapp-to-start-charging-business-users-idINKBN1KM5IK,2018-08-02 07:39:03.606138
http://in.reuters.com/news/top-news,Reddit says user data between 2005 and 2007 breached,http://in.reuters.com/news/top-news/article/reddit-cyber/reddit-says-user-data-between-2005-and-2007-breached-idINKBN1KM5V8,2018-08-02 07:39:03.606138
http://in.reuters.com/news/top-news,England slump as India strike back in final session,http://in.reuters.com/news/top-news/article/cricket-test-eng-ind/england-slump-as-india-strike-back-in-final-session-idINKBN1KM4W8,2018-08-02 07:39:03.606138
http://in.reuters.com/news/top-news,"Fed leaves rates unchanged, stays on course for September hike",http://in.reuters.com/news/top-news/article/usa-fed/fed-leaves-rates-unchanged-stays-on-course-for-september-hike-idINKBN1KM5U8,2018-08-02 07:39:03.606138
http://in.reuters.com/news/top-news,Apple's ride to $1 trillion: The magic number that gets it there,http://in.reuters.com/news/top-news/article/apple-results-marketcap/apples-ride-to-1-trillion-the-magic-number-that-gets-it-there-idINKBN1KM5Y8,2018-08-02 07:39:03.606138
http://in.reuters.com/news/top-news,"Asian shares face headwinds from fresh trade worries, bonds fragile",http://in.reuters.com/news/top-news/article/global-markets/asian-shares-face-headwinds-from-fresh-trade-worries-bonds-fragile-idINKBN1KN02G,2018-08-02 07:39:03.606138
http://in.reuters.com/news/top-news,Tesla flags promise of profit as Model 3 production steadies,http://in.reuters.com/news/top-news/article/tesla-results/tesla-flags-promise-of-profit-as-model-3-production-steadies-idINKBN1KM62P,2018-08-02 07:39:03.606138
http://in.reuters.com/news/top-news,Interview: Filmmaker Abhinay Deo on docu-fiction and the importance of cricket,http://in.reuters.com/news/top-news/article/interview-abhinay-deo/interview-filmmaker-abhinay-deo-on-docu-fiction-and-the-importance-of-cricket-idINKBN1KG141,2018-08-02 07:39:03.606138
http://in.reuters.com/news/top-news,Movie Review: Dhadak,http://in.reuters.com/news/top-news/article/bollywood-dhadak-review/movie-review-dhadak-idINKBN1KA0MZ,2018-08-02 07:39:03.606138
http://in.reuters.com/news/top-news,Q&amp;A;: Shashank Khaitan on 'Dhadak' not being a replica of 'Sairat',http://in.reuters.com/news/top-news/article/shashank-khaitan-dhadak-interview/qa-shashank-khaitan-on-dhadak-not-being-a-replica-of-sairat-idINKBN1K80OT,2018-08-02 07:39:03.606138
http://in.reuters.com/news/top-news,Interview: Janhvi Kapoor on 'Dhadak' and dealing with negativity,http://in.reuters.com/news/top-news/article/janhvi-kapoor-dhadak/interview-janhvi-kapoor-on-dhadak-and-dealing-with-negativity-idINKBN1K11IN,2018-08-02 07:39:03.606138
http://in.reuters.com/news/top-news,Reuters Editorial Leadership,"http://in.reuters.com/news/top-news/article/us-reuters-editorial-leadership/reuters-editorial-leadership-idUSKBN1KE2SD"" target=""_blank",2018-08-02 07:39:03.606138
