,Source,RSS
13,A&E,http://outlookindia.com/rss/section/ae
14,Achievement-Idealism,http://kannadaprabha.com/sectionrss-176.html
15,Agriculture-Environment,http://kannadaprabha.com/sectionrss-173.html
16,All Beyond Business Stories,http://www.business-standard.com/rss/beyond-business-104.rss
17,All Budget Stories,http://www.business-standard.com/rss/budget-110.rss
18,All Companies Stories,http://www.business-standard.com/rss/companies-101.rss
19,All Current Affairs Stories,http://www.business-standard.com/rss/current-affairs-115.rss
20,All Economy & Policy Stories,http://www.business-standard.com/rss/economy-policy-102.rss
21,All Finance Stories,http://www.business-standard.com/rss/finance-103.rss
22,All International Stories,http://www.business-standard.com/rss/international-116.rss
23,All Management Stories,http://www.business-standard.com/rss/management-107.rss
24,All Markets Stories,http://www.business-standard.com/rss/markets-106.rss
25,All News-IANS Stories,http://www.business-standard.com/rss/news-ians-150.rss
26,All Opinion Stories,http://www.business-standard.com/rss/opinion-105.rss
27,All PF Stories,http://www.business-standard.com/rss/pf-114.rss
28,All Specials Stories,http://www.business-standard.com/rss/specials-109.rss
29,All Technology Stories,http://www.business-standard.com/rss/technology-108.rss
30,Allahabad - City - The Times of India,http://timesofindia.indiatimes.com/rssfeeds/3947060.cms
31,Art-Literature,http://kannadaprabha.com/sectionrss-161.html
32,Asia News Network: Business,http://www.asianewsnet.net/rss/rssbiz.php
33,Asia News Network: Editorials,http://www.asianewsnet.net/rss/rssedit.php
34,Asia News Network: News,http://www.asianewsnet.net/rss/rssnews.php
35,Asian Age: Bengaluru,http://dc.asianage.com/rss/30458
36,Asian Age: Bengaluru,http://dc.asianage.com/rss/30459
37,Asian Age: Books,http://dc.asianage.com/rss/81
38,Asian Age: Business,http://dc.asianage.com/rss/43
39,Asian Age: Chennai,http://dc.asianage.com/rss/30457
40,Asian Age: Delhi,http://dc.asianage.com/rss/40
41,Asian Age: Editorial,http://dc.asianage.com/rss/79
42,Asian Age: Entertainment,http://dc.asianage.com/rss/44
43,Asian Age: Hyderabad,http://dc.asianage.com/rss/30460
44,Asian Age: India,http://dc.asianage.com/rss/38
45,Asian Age: International,http://dc.asianage.com/rss/37
46,Asian Age: Kids and Teens,http://dc.asianage.com/rss/54
47,Asian Age: Kolkatta,http://dc.asianage.com/rss/41
48,Asian Age: Letters to editor,http://dc.asianage.com/rss/78
49,Asian Age: Life and Style,http://dc.asianage.com/rss/53
50,Asian Age: Movies,http://dc.asianage.com/rss/45
51,Asian Age: Mumbai,http://dc.asianage.com/rss/39
52,Asian Age: Mumbai,http://dc.asianage.com/rss/42
53,Asian Age: Newsmaker,http://dc.asianage.com/rss/80
54,Asian Age: Opinion,http://dc.asianage.com/rss/77
55,Asian Age: Sports,http://dc.asianage.com/rss/66
56,Asian Age: Travel,http://dc.asianage.com/rss/65
57,Assam Times,http://www.assamtimes.org/rss.xml
58,Assorted Sources,http://newsrack.in/crawled.feeds/fixit.rss.xml
59,Astrology,http://kannadaprabha.com/sectionrss-107.html
60,BBC-Hindi: India,http://feeds.bbc.co.uk/hindi/regionalnews/index.xml
61,Bagalkot,http://kannadaprabha.com/sectionrss-133.html
62,Bangalore,http://kannadaprabha.com/sectionrss-131.html
63,Bangalore Rural,http://kannadaprabha.com/sectionrss-132.html
64,Belgaum,http://kannadaprabha.com/sectionrss-134.html
65,Bellary,http://kannadaprabha.com/sectionrss-135.html
66,Bidar,http://kannadaprabha.com/sectionrss-136.html
67,Bijapur,http://kannadaprabha.com/sectionrss-137.html
68,Blogs,http://www.business-standard.com/rss/opinion-blogs-10514.rss
69,Bollywood,http://kannadaprabha.com/sectionrss-180.html
70,Book Reviews,http://outlookindia.com/rss/features/reviews
71,Books,http://outlookindia.com/rss/section/books
72,Books,http://www.business-standard.com/rss/beyond-business-books-10405.rss
73,Books & Ideas,http://www.business-standard.com/rss/management-books-ideas-10704.rss
74,Business,http://kannadaprabha.com/sectionrss-5.html
75,Business,http://outlookindia.com/rss/section/business
76,Business Law & Taxation,http://www.business-standard.com/rss/opinion-business-law-taxation-10512.rss
77,Business Standard,http://newsrack.in/crawled.feeds/bs.rss.xml
78,CNN-IBN Top Stories,http://www.ibnlive.com/xml/top.xml
79,CNN-IBN: Business,http://www.ibnlive.com/xml/rss/business.xml
80,CNN-IBN: Health,http://www.ibnlive.com/xml/rss/health.xml
81,CNN-IBN: India,http://www.ibnlive.com/xml/rss/india.xml
82,CNN-IBN: Lifestyle,http://www.ibnlive.com/xml/rss/lifestyle.xml
83,CNN-IBN: Politics,http://www.ibnlive.com/xml/rss/politics.xml
84,CNN-IBN: Sci-Tech,http://www.ibnlive.com/xml/rss/sci-tech.xml
85,CNN-IBN: Showbiz,http://www.ibnlive.com/xml/rss/showbiz.xml
86,CNN-IBN: Sports,http://www.ibnlive.com/xml/rss/sports.xml
87,CNN-IBN: World,http://www.ibnlive.com/xml/rss/world.xml
88,CRICKET: Columnists,http://cricket.indiatimes.com/rssfeeds/865590.cms
89,CRICKET: Features,http://cricket.indiatimes.com/rssfeeds/865566.cms
90,CRICKET: Indian Cricket News,http://cricket.indiatimes.com/rssfeeds/865073.cms
91,CRICKET: International News,http://cricket.indiatimes.com/rssfeeds/865209.cms
92,CRICKET: Interviews,http://cricket.indiatimes.com/rssfeeds/865632.cms
93,CRICKET: News,http://cricket.indiatimes.com/rssfeeds/864838.cms
94,Central Chronicle,http://www.centralchronicle.com/feed
95,Central Chronicle » Bhopal,http://www.centralchronicle.com/bhopal-news/feed
96,Central Chronicle » Business,http://www.centralchronicle.com/business-news/feed
97,Central Chronicle » Editorial,http://www.centralchronicle.com/editorial/feed
98,Central Chronicle » Madhya Pradesh,http://www.centralchronicle.com/madhya-pradesh-news/feed
99,Central Chronicle » Nation,http://www.centralchronicle.com/national-news/feed
100,Central Chronicle » Photo Gallery,http://www.centralchronicle.com/photogallery/feed
101,Central Chronicle » Technology,http://www.centralchronicle.com/technology-news/feed
102,Chamarajanagar,http://kannadaprabha.com/sectionrss-138.html
103,Chikkamagalur,http://kannadaprabha.com/sectionrss-139.html
104,Chinese,http://www.business-standard.com/rss/opinion-chinese-10506.rss
105,Chitradurga,http://kannadaprabha.com/sectionrss-140.html
106,Cinema-Showbiz,http://www.business-standard.com/rss/news-ians-cinema-showbiz-15004.rss
107,Citizen Matters,http://bangalore.citizenmatters.in/rss
108,Citizen Matters,http://citizenmatters.in/feed
109,"Citizen Matters, Bengaluru",http://bengaluru.citizenmatters.in/feed
110,"Citizen Matters, Chennai",http://chennai.citizenmatters.in/feed
111,Coimbatore - City - The Times of India,http://timesofindia.indiatimes.com/rssfeeds/7503091.cms
112,Columnists,http://www.business-standard.com/rss/finance-columnists-10307.rss
113,Columns,http://kannadaprabha.com/sectionrss-91.html
114,Columns,http://www.business-standard.com/rss/management-columns-10705.rss
115,Columns,http://www.business-standard.com/rss/beyond-business-columns-10408.rss
116,Columns,http://www.business-standard.com/rss/opinion-columns-10502.rss
117,Columns,http://www.business-standard.com/rss/current-affairs-columns-11504.rss
118,Commodities,http://www.business-standard.com/rss/markets-commodities-10608.rss
119,Cover Stories,http://outlookindia.com/rss/features/cover
120,DNA: Bangalore,http://newsrack.in/crawled.feeds/dna.blr.rss.xml
121,DNA: Evolutions,"http://www.dnaindia.com/syndication/rss,catid-5.xml"
122,DNA: Health,"http://www.dnaindia.com/syndication/rss,catid-1058783.xml"
123,DNA: India,"http://www.dnaindia.com/syndication/rss,catID-2.xml"
124,DNA: Money,"http://www.dnaindia.com/syndication/rss,catID-4.xml"
125,DNA: Mumbai,"http://www.dnaindia.com/syndication/rss,catID-1.xml"
126,DNA: Opinion,"http://www.dnaindia.com/syndication/rss,catID-19.xml"
127,DNA: Popular News,http://www.dnaindia.com/syndication/rss_popular.xml
128,DNA: Recent Columns,http://www.dnaindia.com/syndication/rss_column.xml
129,DNA: Top News,"http://www.dnaindia.com/syndication/rss,catID-0.xml"
130,DNA: Top News,http://www.dnaindia.com/syndication/rss_topnews.xml
131,DNA: Urban Tales,"http://www.dnaindia.com/syndication/rss,catid-1122228.xml"
132,DNA: Wide Angle,"http://www.dnaindia.com/syndication/rss,catid-1148452.xml"
133,Daily News & Analysis,http://www.dnaindia.com/rss.xml
134,Dakshina Kannada,http://kannadaprabha.com/sectionrss-141.html
135,Davanagere,http://kannadaprabha.com/sectionrss-142.html
136,Deccan Chronicle: Bangalore,http://www.deccanchronicle.com/city/bengaluru/rss.xml
137,Deccan Chronicle: Business,http://www.deccanchronicle.com/rss/business/rss.xml
138,Deccan Chronicle: Cities,http://www.deccanchronicle.com/rss/cities/rss.xml
139,Deccan Chronicle: Comment,http://www.deccanchronicle.com/rss/dc-comment/rss.xml
140,Deccan Chronicle: Education,http://www.deccanchronicle.com/rss/Education/rss.xml
141,Deccan Chronicle: Lifestyle,http://www.deccanchronicle.com/rss/lifestyle/rss.xml
142,Deccan Chronicle: Nation,http://www.deccanchronicle.com/rss/nation/rss.xml
143,Deccan Chronicle: Op Ed,http://www.deccanchronicle.com/rss/Op-ed/rss.xml
144,Deccan Chronicle: Sci/Tech,http://www.deccanchronicle.com/rss/SCI-TECH/rss.xml
145,Deccan Chronicle: Showbiz,http://www.deccanchronicle.com/rss/Showbiz/rss.xml
146,Deccan Chronicle: Sport,http://www.deccanchronicle.com/rss/sports/rss.xml
147,Deccan Chronicle: Teens,http://www.deccanchronicle.com/rss/Teens/rss.xml
148,Deccan Chronicle: World,http://www.deccanchronicle.com/rss/world/rss.xml
149,Deccan Herald - Analysis,http://www.deccanherald.com/rss/analysis.rss
150,Deccan Herald - Business,http://www.deccanherald.com/rss/business.rss
151,Deccan Herald - Columns,http://www.deccanherald.com/rss/columns.rss
152,Deccan Herald - Entertainment,http://www.deccanherald.com/rss/entertainment.rss
153,Deccan Herald - New Delhi,http://www.deccanherald.com/rss/delhi.rss
154,Deccan Herald - Opinion,http://www.deccanherald.com/rss/opinion.rss
155,Deccan Herald - Sports,http://www.deccanherald.com/rss/sports.rss
156,Deccan Herald - Supplements,http://www.deccanherald.com/rss/supplements.rss
157,Defence,http://www.business-standard.com/rss/specials-defence-11901.rss
158,Defence,http://www.business-standard.com/rss/specials-defence-10974.rss
159,Dharwad,http://kannadaprabha.com/sectionrss-143.html
160,Doordarshan,http://www.ddinews.gov.in/rssCMS
161,Down to Earth,http://www.downtoearth.org.in/rss.xml
162,ET: Advertising,http://economictimes.indiatimes.com/rssfeeds/13357077.cms
163,ET: Advertising,http://economictimes.indiatimes.com/rssfeeds/13357077.cms
164,ET: Agriculture,http://economictimes.indiatimes.com/rssfeeds/1202099874.cms
165,ET: Auto,http://economictimes.indiatimes.com/rssfeeds/13359675.cms
166,ET: BPO,http://economictimes.indiatimes.com/rssfeeds/26865660.cms
167,ET: Banking,http://economictimes.indiatimes.com/rssfeeds/13358319.cms
168,ET: Big Bucks: Investment,http://economictimes.indiatimes.com/rssfeeds/2026181286.cms
169,ET: Biotech,http://economictimes.indiatimes.com/rssfeeds/13358090.cms
170,ET: Brand Equity,http://economictimes.indiatimes.com/rssfeeds/287662.cms
171,ET: Cars,http://economictimes.indiatimes.com/rssfeeds/575221.cms
172,ET: Consultancy / Audit,http://economictimes.indiatimes.com/rssfeeds/13357085.cms
173,ET: Consumer Products,http://economictimes.indiatimes.com/rssfeeds/13358859.cms
174,ET: Corporate Dossier,http://economictimes.indiatimes.com/rssfeeds/121385957.cms
175,ET: Economy/Finance,http://economictimes.indiatimes.com/rssfeeds/1286551815.cms
176,ET: Education,http://economictimes.indiatimes.com/rssfeeds/25466841.cms
177,ET: Electronics,http://economictimes.indiatimes.com/rssfeeds/13358854.cms
178,ET: Engineering,http://economictimes.indiatimes.com/rssfeeds/13357919.cms
179,ET: Entertainment,http://economictimes.indiatimes.com/rssfeeds/13357410.cms
180,ET: Entrepreneurship,http://economictimes.indiatimes.com/small-biz/entrepreneurship/rssfeeds/11993034.cms
181,ET: FMCG,http://economictimes.indiatimes.com/rssfeeds/13358807.cms
182,ET: Fashion / Cosmetics,http://economictimes.indiatimes.com/rssfeeds/13358817.cms
183,ET: Finance,http://economictimes.indiatimes.com/industry/banking/finance/rssfeeds/13358259.cms
184,ET: Finance / Insurance,http://economictimes.indiatimes.com/rssfeeds/13358311.cms
185,ET: Food,http://economictimes.indiatimes.com/rssfeeds/13358793.cms
186,ET: Foreign Trade,http://economictimes.indiatimes.com/rssfeeds/1200949414.cms
187,ET: Gadgets,http://economictimes.indiatimes.com/rssfeeds/129134.cms
188,ET: Global Markets,http://economictimes.indiatimes.com/rssfeeds/12872390.cms
189,ET: Healthcare,http://economictimes.indiatimes.com/rssfeeds/13358070.cms
190,ET: IETS,http://economictimes.indiatimes.com/rssfeeds/40274504.cms
191,ET: IPOs,http://economictimes.indiatimes.com/rssfeeds/14655708.cms
192,ET: Indicators,http://economictimes.indiatimes.com/rssfeeds/344531568.cms
193,ET: Infotech,http://economictimes.indiatimes.com/rssfeeds/13357549.cms
194,ET: Infrastructure,http://economictimes.indiatimes.com/rssfeeds/1135557951.cms
195,ET: Insurance,http://economictimes.indiatimes.com/rssfeeds/13358304.cms
196,ET: Jobs,http://economictimes.indiatimes.com/rssfeeds/107115.cms
197,ET: Media,http://economictimes.indiatimes.com/rssfeeds/13357396.cms
198,ET: Mutual Funds,http://economictimes.indiatimes.com/rssfeeds/1107225967.cms
199,ET: Oil & Gas,http://economictimes.indiatimes.com/rssfeeds/13358368.cms
200,ET: Opinion,http://economictimes.indiatimes.com/rssfeeds/897228639.cms
201,ET: Petrochem,http://economictimes.indiatimes.com/rssfeeds/13357719.cms
202,ET: Pharma,http://economictimes.indiatimes.com/rssfeeds/13358057.cms
203,ET: Policy,http://economictimes.indiatimes.com/rssfeeds/1106944246.cms
204,ET: Policy Trends,http://economictimes.indiatimes.com/small-biz/policy-trends/rssfeeds/11993039.cms
205,ET: Power,http://economictimes.indiatimes.com/rssfeeds/13358361.cms
206,ET: Retailing,http://economictimes.indiatimes.com/rssfeeds/13356992.cms
207,ET: Software,http://economictimes.indiatimes.com/rssfeeds/13357555.cms
208,ET: Steel,http://economictimes.indiatimes.com/rssfeeds/13357699.cms
209,ET: Stocks News,http://economictimes.indiatimes.com/rssfeeds/14655678.cms
210,ET: Telecom,http://economictimes.indiatimes.com/rssfeeds/542990.cms
211,ET: ToP Stories,http://economictimes.indiatimes.com/rssfeedstopstories.cms
212,ET: Transportation,http://economictimes.indiatimes.com/industry/transportation/rssfeeds/13353990.cms
213,ET: Transportation,http://economictimes.indiatimes.com/rssfeeds/13354027.cms
214,ET: Travel,http://economictimes.indiatimes.com/rssfeeds/13356984.cms
215,ET: Two Wheelers,http://economictimes.indiatimes.com/rssfeeds/13359633.cms
216,Economic Survey 2013,http://www.business-standard.com/rss/budget-economic-survey-2013-11006.rss
217,Editorial,http://www.business-standard.com/rss/opinion-editorial-10501.rss
218,Editorial,http://kannadaprabha.com/sectionrss-38.html
219,Editorials,http://www.business-standard.com/rss/finance-editorials-10308.rss
220,Edits,http://www.business-standard.com/rss/current-affairs-edits-11505.rss
221,Education,http://www.business-standard.com/rss/news-ians-education-15009.rss
222,Education,http://www.business-standard.com/rss/education-179.rss
223,"Education India, World, Top Education News - Times of India",http://timesofindia.indiatimes.com/rssfeeds/913168846.cms
224,Elections,http://www.business-standard.com/rss/elections-117.rss
225,"Environment News, Earth News, Global Warming, Wild Life, Carbon Trading, Climate Business, Climate Change & Pollution News",http://timesofindia.indiatimes.com/rssfeeds/2647163.cms
226,Essays,http://outlookindia.com/rss/features/essays
227,Express India-- Front Page,http://www.expressindia.com/syndications/ei.xml
228,Feature,http://kannadaprabha.com/sectionrss-177.html
229,Features,http://www.business-standard.com/rss/pf-features-11402.rss
230,Features,http://www.business-standard.com/rss/finance-features-10302.rss
231,Features,http://www.business-standard.com/rss/beyond-business-features-10402.rss
232,Features,http://www.business-standard.com/rss/companies-features-10102.rss
233,Features,http://www.business-standard.com/rss/international-features-11602.rss
234,Features,http://www.business-standard.com/rss/economy-policy-features-10202.rss
235,Features,http://www.business-standard.com/rss/markets-features-10610.rss
236,Features,http://www.business-standard.com/rss/management-features-10702.rss
237,Features,http://www.business-standard.com/rss/technology-features-10802.rss
238,Features,http://www.business-standard.com/rss/current-affairs-features-11502.rss
239,Financial Chronicle,http://www.mydigitalfc.com/rss.xml
240,Financial Express: Front Page,http://www.expressindia.com/syndications/fe.xml
241,Financial Times India,http://www.ft.com/rss/world/asiapacific/india
242,Financial Times India: Business,http://www.ft.com/rss/world/asiapacific/india/business
243,Financial Times India: Economy,http://www.ft.com/rss/world/asiapacific/india/economy
244,Financial Times India: Finance,http://www.ft.com/rss/world/asiapacific/india/finance
245,Financial Times India: Politics,http://www.ft.com/rss/world/asiapacific/india/politics
246,Financial Times India: Regulation,http://www.ft.com/rss/world/asiapacific/india/regulation
247,Financial Times India: Society,http://www.ft.com/rss/world/asiapacific/india/society
248,Financial X-Ray,http://www.business-standard.com/rss/opinion-financial-x-ray-10503.rss
249,FirstPost: Blogs,http://www.firstpost.com/blogs/feed
250,FirstPost: Bollywood,http://www.firstpost.com/bollywood/feed
251,FirstPost: Business,http://www.firstpost.com/business/feed
252,FirstPost: Economy,http://www.firstpost.com/economy/feed
253,FirstPost: India,http://www.firstpost.com/india/feed
254,FirstPost: Investing,http://www.firstpost.com/investing/feed
255,FirstPost: Life,http://www.firstpost.com/living/feed
256,FirstPost: Mumbai,http://www.firstpost.com/mumbai/feed
257,FirstPost: New Delhi,http://www.firstpost.com/delhi/feed
258,FirstPost: Politics,http://www.firstpost.com/politics/feed
259,FirstPost: Sports,http://www.firstpost.com/sports/feed
260,FirstPost: Tech,http://www.firstpost.com/tech/feed
261,FirstPost: Travel,http://www.firstpost.com/travel/feed
262,FirstPost: World,http://www.firstpost.com/world/feed
263,FirstPost: Youspeak,http://www.firstpost.com/youspeak/feed
264,Forbes India,http://business.in.com/rssfeed/rss_all.xml
265,Free Press Journal: Bhopal,http://freepressjournal.in/?cat=1235&amp%3Bfeed=rss2
266,Free Press Journal: Books,http://freepressjournal.in/?cat=1225&amp%3Bfeed=rss2
267,Free Press Journal: Business,http://freepressjournal.in/?cat=1151&amp%3Bfeed=rss2
268,Free Press Journal: Edit,http://freepressjournal.in/?cat=1234&amp%3Bfeed=rss2
269,Free Press Journal: Education,http://freepressjournal.in/?cat=1309&amp%3Bfeed=rss2
270,Free Press Journal: Etcetra,http://freepressjournal.in/?cat=1142&amp%3Bfeed=rss2
271,Free Press Journal: Film Reviews,http://freepressjournal.in/?cat=1308&amp%3Bfeed=rss2
272,Free Press Journal: Food,http://freepressjournal.in/?cat=1230&amp%3Bfeed=rss2
273,Free Press Journal: Glam,http://freepressjournal.in/?cat=1240&amp%3Bfeed=rss2
274,Free Press Journal: Indore,http://freepressjournal.in/?cat=1236&amp%3Bfeed=rss2
275,Free Press Journal: Interview,http://freepressjournal.in/?cat=1182&amp%3Bfeed=rss2
276,Free Press Journal: Life-Style,http://freepressjournal.in/?cat=1229&amp%3Bfeed=rss2
277,Free Press Journal: Mumbai,http://freepressjournal.in/?cat=1237&amp%3Bfeed=rss2
278,Free Press Journal: Nation,http://freepressjournal.in/?cat=1239&amp%3Bfeed=rss2
279,Free Press Journal: Product Launches,http://freepressjournal.in/?cat=1256&amp%3Bfeed=rss2
280,Free Press Journal: Sports,http://freepressjournal.in/?cat=1155&amp%3Bfeed=rss2
281,Free Press Journal: Technology,http://freepressjournal.in/?cat=1209&amp%3Bfeed=rss2
282,Free Press Journal: Travel,http://freepressjournal.in/?cat=1231&amp%3Bfeed=rss2
283,Free Press Journal: Ujjain,http://freepressjournal.in/?cat=1140&amp%3Bfeed=rss2
284,Free Press Journal: Web Special,http://freepressjournal.in/?cat=1303&amp%3Bfeed=rss2
285,Free Press Journal: Weekend,http://freepressjournal.in/?cat=1255&amp%3Bfeed=rss2
286,Free Press Journal: Weekend Guide,http://freepressjournal.in/?cat=1257&amp%3Bfeed=rss2
287,Free Press Journal: What’s Up,http://freepressjournal.in/?cat=1307&amp%3Bfeed=rss2
288,Free Press Journal: World,http://freepressjournal.in/?cat=1238&amp%3Bfeed=rss2
289,Free Press Journal: Zest,http://freepressjournal.in/?cat=1228&amp%3Bfeed=rss2
290,FrontLine: Archives,http://www.frontline.in/magazine/?service=rss
291,FrontLine: Art,http://www.frontline.in/arts-and-culture/art/?service=rss
292,FrontLine: Arts & Culture,http://www.frontline.in/arts-and-culture/?service=rss
293,FrontLine: Books,http://www.frontline.in/books/?service=rss
294,FrontLine: C.P. Chandrasekhar,http://www.frontline.in/columns/C_P_Chandrasekhar/?service=rss
295,FrontLine: Cinema,http://www.frontline.in/arts-and-culture/cinema/?service=rss
296,FrontLine: Columns,http://www.frontline.in/columns/?service=rss
297,FrontLine: Conservation,http://www.frontline.in/environment/conservation/?service=rss
298,FrontLine: Cover Story,http://www.frontline.in/cover-story/?service=rss
299,FrontLine: Data Card,http://www.frontline.in/other/data-card/?service=rss
300,FrontLine: Economy,http://www.frontline.in/economy/?service=rss
301,FrontLine: Environment,http://www.frontline.in/environment/?service=rss
302,FrontLine: General Issues,http://www.frontline.in/social-issues/general-issues/?service=rss
303,FrontLine: Heritage,http://www.frontline.in/arts-and-culture/heritage/?service=rss
304,FrontLine: Home,http://www.frontline.in/?service=rss
305,FrontLine: Jayati Ghosh,http://www.frontline.in/columns/Jayati_Ghosh/?service=rss
306,FrontLine: K.Satchidanandan,http://www.frontline.in/columns/K_Satchidanandan/?service=rss
307,FrontLine: Letters,http://www.frontline.in/other/letters/?service=rss
308,FrontLine: Literature,http://www.frontline.in/arts-and-culture/literature/?service=rss
309,FrontLine: Music,http://www.frontline.in/arts-and-culture/music/?service=rss
310,FrontLine: Obituary,http://www.frontline.in/other/obituary/?service=rss
311,FrontLine: Other,http://www.frontline.in/other/?service=rss
312,FrontLine: Politics,http://www.frontline.in/politics/?service=rss
313,FrontLine: Sashi Kumar,http://www.frontline.in/columns/Sashi_Kumar/?service=rss
314,FrontLine: Science & Technology,http://www.frontline.in/science-and-technology/?service=rss
315,FrontLine: Social Issues,http://www.frontline.in/social-issues/?service=rss
316,FrontLine: Social Justice,http://www.frontline.in/social-issues/social-justice/?service=rss
317,FrontLine: Sport,http://www.frontline.in/other/sport/?service=rss
318,FrontLine: The Nation,http://www.frontline.in/the-nation/?service=rss
319,FrontLine: Wildlife,http://www.frontline.in/environment/wild-life/?service=rss
320,FrontLine: World Affairs,http://www.frontline.in/world-affairs/?service=rss
321,Frontline,http://newsrack.in/crawled.feeds/frontline.rss.xml
322,Gadag,http://kannadaprabha.com/sectionrss-144.html
323,Gadgets & Gizmos,http://www.business-standard.com/rss/technology-gadgets-gizmos-10810.rss
324,General News,http://www.business-standard.com/rss/general-news.rss
325,Good News India,http://goodnewsindia.com/index.php/Supplement/rss/
326,GovernanceNow: Backstory,http://www.governancenow.com/views/back-story/rss.xml
327,GovernanceNow: Bureaucracy,http://www.governancenow.com/gov-now/bureaucracy/rss.xml
328,GovernanceNow: Columns,http://www.governancenow.com/views/columns/rss.xml
329,GovernanceNow: Day's Debate,http://www.governancenow.com/views/days-debate/rss.xml
330,GovernanceNow: GNtalk,http://www.governancenow.com/views/gntalk/rss.xml
331,GovernanceNow: GNtv,http://www.governancenow.com/news/gntv/rss.xml
332,GovernanceNow: GovNext,http://www.governancenow.com/gov-next/rss.xml
333,GovernanceNow: GovNow,http://www.governancenow.com/gov-now/rss.xml
334,GovernanceNow: Interview,http://www.governancenow.com/views/interview/rss.xml
335,GovernanceNow: Judiciary,http://www.governancenow.com/gov-now/judiciary/rss.xml
336,GovernanceNow: News,http://www.governancenow.com/news/rss.xml
337,GovernanceNow: Parliament,http://www.governancenow.com/gov-now/parliament/rss.xml
338,GovernanceNow: Photo Story,http://www.governancenow.com/news/photo-stories/rss.xml
339,GovernanceNow: Policy,http://www.governancenow.com/gov-now/policy/rss.xml
340,GovernanceNow: Protests & Petitions,http://www.governancenow.com/news/Protests-and-Petitions/rss.xml
341,GovernanceNow: Public Reporter,http://www.governancenow.com/news/public-reporter/rss.xml
342,GovernanceNow: RTI,http://www.governancenow.com/gov-next/rti/rss.xml
343,GovernanceNow: Think Tank,http://www.governancenow.com/views/think-tank/rss.xml
344,GovernanceNow: Top Stories,http://www.governancenow.com/news/top-stories/rss.xml
345,GovernanceNow: Views,http://www.governancenow.com/views/rss.xml
346,GovernanceNow: Your MP,http://www.governancenow.com/gov-now/your-mp/rss.xml
347,GovernanceNow: eGov,http://www.governancenow.com/gov-next/egov/rss.xml
348,Govt of India: PIB Hindi,http://pib.nic.in/newsite/rsshindi.aspx
349,Govt of india: PIB,http://pib.nic.in/newsite/rssenglish.aspx
350,Govt of india: PIB Features,http://pib.nic.in/newsite/rssenglish_fea.aspx
351,Govt of india: PIB Hindi Features,http://pib.nic.in/newsite/rsshindi_fea.aspx
352,Gulbarga,http://kannadaprabha.com/sectionrss-145.html
353,Gurgaon - City - The Times of India,http://timesofindia.indiatimes.com/rssfeeds/6547154.cms
354,Guwahati - City - The Times of India,http://timesofindia.indiatimes.com/rssfeeds/4118215.cms
355,HBL: Agri-biz,http://www.thehindubusinessline.com/industry-and-economy/agri-biz/?service=rss
356,HBL: Announcements,http://www.thehindubusinessline.com/companies/announcements/?service=rss
357,HBL: Automobiles,http://www.thehindubusinessline.com/features/smartbuy/automobiles/?service=rss
358,HBL: Banking,http://www.thehindubusinessline.com/industry-and-economy/banking/?service=rss
359,HBL: BrandLine,http://www.thehindubusinessline.com/features/brandline/?service=rss
360,HBL: Cartoons,http://www.thehindubusinessline.com/opinion/cartoons/?service=rss
361,HBL: Columns,http://www.thehindubusinessline.com/opinion/columns/?service=rss
362,HBL: Commodities,http://www.thehindubusinessline.com/markets/commodities/?service=rss
363,HBL: Companies,http://www.thehindubusinessline.com/companies/?service=rss
364,HBL: Disclosures,http://www.thehindubusinessline.com/companies/announcements/disclosures/?service=rss
365,HBL: Economy,http://www.thehindubusinessline.com/industry-and-economy/economy/?service=rss
366,HBL: Editorial,http://www.thehindubusinessline.com/opinion/editorial/?service=rss
367,HBL: Features,http://www.thehindubusinessline.com/features/?service=rss
368,HBL: Gaming,http://www.thehindubusinessline.com/features/smartbuy/gaming/?service=rss
369,HBL: Gold,http://www.thehindubusinessline.com/markets/gold/?service=rss
370,HBL: Government & Policy,http://www.thehindubusinessline.com/industry-and-economy/government-and-policy/?service=rss
371,HBL: Home,http://www.thehindubusinessline.com/?service=rss
372,HBL: Industry & Economy,http://www.thehindubusinessline.com/industry-and-economy/?service=rss
373,HBL: Info-tech,http://www.thehindubusinessline.com/industry-and-economy/info-tech/?service=rss
374,HBL: Interiors,http://www.thehindubusinessline.com/features/smartbuy/interiors/?service=rss
375,HBL: Investment World,http://www.thehindubusinessline.com/features/investment-world/?service=rss
376,HBL: Laptops,http://www.thehindubusinessline.com/features/smartbuy/laptops/?service=rss
377,HBL: Letters,http://www.thehindubusinessline.com/opinion/letters/?service=rss
378,HBL: Life,http://www.thehindubusinessline.com/features/life/?service=rss
379,HBL: Logistics,http://www.thehindubusinessline.com/industry-and-economy/logistics/?service=rss
380,HBL: Luxury & Fashion,http://www.thehindubusinessline.com/features/smartbuy/luxury-and-fashion/?service=rss
381,HBL: Market Strategy,http://www.thehindubusinessline.com/features/investment-world/market-strategy/?service=rss
382,HBL: Market Watch,http://www.thehindubusinessline.com/features/investment-world/market-watch/?service=rss
383,HBL: Marketing,http://www.thehindubusinessline.com/industry-and-economy/marketing/?service=rss
384,HBL: Markets,http://www.thehindubusinessline.com/markets/?service=rss
385,HBL: Mentor,http://www.thehindubusinessline.com/features/mentor/?service=rss
386,HBL: Mobile handsets,http://www.thehindubusinessline.com/features/smartbuy/mobile-handsets/?service=rss
387,HBL: Mutual Funds,http://www.thehindubusinessline.com/features/investment-world/mutual-funds/?service=rss
388,HBL: New Manager,http://www.thehindubusinessline.com/features/newmanager/?service=rss
389,HBL: Opinion,http://www.thehindubusinessline.com/opinion/?service=rss
390,HBL: Other Gadgets,http://www.thehindubusinessline.com/features/smartbuy/other-gadgets/?service=rss
391,HBL: Others,http://www.thehindubusinessline.com/companies/announcements/others/?service=rss
392,HBL: Personal Finance,http://www.thehindubusinessline.com/features/investment-world/personal-finance/?service=rss
393,HBL: Results,http://www.thehindubusinessline.com/companies/announcements/results/?service=rss
394,HBL: Shipping News,http://www.thehindubusinessline.com/industry-and-economy/shipping-news/?service=rss
395,HBL: Smartbuy,http://www.thehindubusinessline.com/features/smartbuy/?service=rss
396,HBL: Stock Insight,http://www.thehindubusinessline.com/features/investment-world/stock-insight/?service=rss
397,HBL: Stock Markets,http://www.thehindubusinessline.com/markets/stock-markets/?service=rss
398,HBL: Taxation & Accounts,http://www.thehindubusinessline.com/industry-and-economy/taxation-and-accounts/?service=rss
399,HBL: Today's Pick,http://www.thehindubusinessline.com/markets/todays-pick/?service=rss
400,HBL: Watches & Jewellery,http://www.thehindubusinessline.com/features/smartbuy/watches-and-jewellery/?service=rss
401,HBL: Wines & Malts,http://www.thehindubusinessline.com/features/smartbuy/wines-and-malts/?service=rss
402,HBL: Young Investor,http://www.thehindubusinessline.com/features/investment-world/young-investor/?service=rss
403,HBL: eWorld,http://www.thehindubusinessline.com/features/eworld/?service=rss
404,HardNews,http://www.hardnewsmedia.com/rss.xml
405,Hassan,http://kannadaprabha.com/sectionrss-146.html
406,Haveri,http://kannadaprabha.com/sectionrss-147.html
407,Health & Fitness - Life & Style - The Times of India,http://timesofindia.indiatimes.com/rssfeeds/3908999.cms
408,Health-Lifestyle,http://kannadaprabha.com/sectionrss-164.html
409,HimVani,http://feeds.feedburner.com/himvani/news
410,Hindu: Agriculture,http://www.thehindu.com/sci-tech/agriculture/?service=rss
411,Hindu: Andhra Pradesh,http://www.thehindu.com/news/states/andhra-pradesh/?service=rss
412,Hindu: Art,http://www.thehindu.com/arts/art/?service=rss
413,Hindu: Arts,http://www.thehindu.com/arts/?service=rss
414,Hindu: Athletics,http://www.thehindu.com/sport/athletics/?service=rss
415,Hindu: Bangalore,http://www.thehindu.com/news/cities/Bangalore/?service=rss
416,Hindu: Books,http://www.thehindu.com/arts/books/?service=rss
417,Hindu: Business,http://www.thehindu.com/business/?service=rss
418,Hindu: Careers,http://www.thehindu.com/education/careers/?service=rss
419,Hindu: Cartoon,http://www.thehindu.com/opinion/cartoon/?service=rss
420,Hindu: Chennai,http://www.thehindu.com/news/cities/Chennai/?service=rss
421,Hindu: Cinema,http://www.thehindu.com/arts/cinema/?service=rss
422,Hindu: Cities,http://www.thehindu.com/news/cities/?service=rss
423,Hindu: Coimbatore,http://www.thehindu.com/news/cities/Coimbatore/?service=rss
424,Hindu: College & University,http://www.thehindu.com/education/college-and-university/?service=rss
425,Hindu: Columns,http://www.thehindu.com/opinion/columns/?service=rss
426,Hindu: Companies,http://www.thehindu.com/business/companies/?service=rss
427,Hindu: Crafts,http://www.thehindu.com/arts/crafts/?service=rss
428,Hindu: Cricket,http://www.thehindu.com/sport/cricket/?service=rss
429,Hindu: Dance,http://www.thehindu.com/arts/dance/?service=rss
430,Hindu: Delhi,http://www.thehindu.com/news/cities/Delhi/?service=rss
431,Hindu: Diet & Nutrition,http://www.thehindu.com/health/diet-and-nutrition/?service=rss
432,Hindu: Economy,http://www.thehindu.com/business/Economy/?service=rss
433,Hindu: Editorial,http://www.thehindu.com/opinion/editorial/?service=rss
434,Hindu: Education,http://www.thehindu.com/education/?service=rss
435,Hindu: Energy & Environment,http://www.thehindu.com/sci-tech/energy-and-environment/?service=rss
436,Hindu: Fashion,http://www.thehindu.com/life-and-style/fashion/?service=rss
437,Hindu: Fitness,http://www.thehindu.com/health/fitness/?service=rss
438,Hindu: Food,http://www.thehindu.com/life-and-style/Food/?service=rss
439,Hindu: Football,http://www.thehindu.com/sport/football/?service=rss
440,Hindu: Gadgets,http://www.thehindu.com/sci-tech/gadgets/?service=rss
441,Hindu: Health,http://www.thehindu.com/health/?service=rss
442,Hindu: History & Culture,http://www.thehindu.com/arts/history-and-culture/?service=rss
443,Hindu: Hockey,http://www.thehindu.com/sport/hockey/?service=rss
444,Hindu: Home,http://www.thehindu.com/?service=rss
445,Hindu: Homes & Gardens,http://www.thehindu.com/life-and-style/homes-and-gardens/?service=rss
446,Hindu: Hyderabad,http://www.thehindu.com/news/cities/Hyderabad/?service=rss
447,Hindu: Industry,http://www.thehindu.com/business/Industry/?service=rss
448,Hindu: International,http://www.thehindu.com/news/international/?service=rss
449,Hindu: Internet,http://www.thehindu.com/sci-tech/internet/?service=rss
450,Hindu: Interview,http://www.thehindu.com/opinion/interview/?service=rss
451,Hindu: Issues,http://www.thehindu.com/education/issues/?service=rss
452,Hindu: Karnataka,http://www.thehindu.com/news/states/karnataka/?service=rss
453,Hindu: Kerala,http://www.thehindu.com/news/states/kerala/?service=rss
454,Hindu: Kids,http://www.thehindu.com/life-and-style/kids/?service=rss
455,Hindu: Kochi,http://www.thehindu.com/news/cities/Kochi/?service=rss
456,Hindu: Lead,http://www.thehindu.com/opinion/lead/?service=rss
457,Hindu: Leisure,http://www.thehindu.com/life-and-style/leisure/?service=rss
458,Hindu: Letters,http://www.thehindu.com/opinion/letters/?service=rss
459,Hindu: Life & Style,http://www.thehindu.com/life-and-style/?service=rss
460,Hindu: Madurai,http://www.thehindu.com/news/cities/Madurai/?service=rss
461,Hindu: Magazine,http://www.thehindu.com/arts/magazine/?service=rss
462,Hindu: Mangalore,http://www.thehindu.com/news/cities/Mangalore/?service=rss
463,Hindu: Markets,http://www.thehindu.com/business/markets/?service=rss
464,Hindu: Medicine & Research,http://www.thehindu.com/health/medicine-and-research/?service=rss
465,Hindu: Metroplus,http://www.thehindu.com/life-and-style/metroplus/?service=rss
466,Hindu: Money & Careers,http://www.thehindu.com/life-and-style/money-and-careers/?service=rss
467,Hindu: Motoring,http://www.thehindu.com/life-and-style/Motoring/?service=rss
468,Hindu: Motorsport,http://www.thehindu.com/sport/motorsport/?service=rss
469,Hindu: Music,http://www.thehindu.com/arts/music/?service=rss
470,Hindu: National,http://www.thehindu.com/news/national/?service=rss
471,Hindu: News,http://www.thehindu.com/news/?service=rss
472,Hindu: Nxg,http://www.thehindu.com/life-and-style/nxg/?service=rss
473,Hindu: Obituary,http://www.thehindu.com/obituary/?service=rss
474,Hindu: Op-Ed,http://www.thehindu.com/opinion/op-ed/?service=rss
475,Hindu: Open Page,http://www.thehindu.com/opinion/open-page/?service=rss
476,Hindu: Opinion,http://www.thehindu.com/opinion/?service=rss
477,Hindu: Other Sports,http://www.thehindu.com/sport/other-sports/?service=rss
478,Hindu: Other States,http://www.thehindu.com/news/states/other-states/?service=rss
479,Hindu: Policy & Issues,http://www.thehindu.com/health/policy-and-issues/?service=rss
480,Hindu: Races,http://www.thehindu.com/sport/races/?service=rss
481,Hindu: Radio & TV,http://www.thehindu.com/arts/radio-and-tv/?service=rss
482,Hindu: Readers' Editor,http://www.thehindu.com/opinion/Readers-Editor/?service=rss
483,Hindu: Religion,http://www.thehindu.com/life-and-style/religion/?service=rss
484,Hindu: Research,http://www.thehindu.com/education/research/?service=rss
485,Hindu: Rx,http://www.thehindu.com/health/rx/?service=rss
486,Hindu: S & T,http://www.thehindu.com/sci-tech/?service=rss
487,Hindu: School,http://www.thehindu.com/education/school/?service=rss
488,Hindu: Science,http://www.thehindu.com/sci-tech/science/?service=rss
489,Hindu: Society,http://www.thehindu.com/life-and-style/society/?service=rss
490,Hindu: Sport,http://www.thehindu.com/sport/?service=rss
491,Hindu: States,http://www.thehindu.com/news/states/?service=rss
492,Hindu: Tamil Nadu,http://www.thehindu.com/news/states/tamil-nadu/?service=rss
493,Hindu: Technology,http://www.thehindu.com/sci-tech/technology/?service=rss
494,Hindu: Tennis,http://www.thehindu.com/sport/tennis/?service=rss
495,Hindu: Theatre,http://www.thehindu.com/arts/theatre/?service=rss
496,Hindu: Thiruvananthapuram,http://www.thehindu.com/news/cities/Thiruvananthapuram/?service=rss
497,Hindu: Tiruchirapalli,http://www.thehindu.com/news/cities/Tiruchirapalli/?service=rss
498,Hindu: Travel,http://www.thehindu.com/life-and-style/travel/?service=rss
499,Hindu: Vijayawada,http://www.thehindu.com/news/cities/Vijayawada/?service=rss
500,Hindu: Visakhapatnam,http://www.thehindu.com/news/cities/Visakhapatnam/?service=rss
501,Hindu: Youth,http://www.thehindu.com/life-and-style/youth/?service=rss
502,Hindustan Times,http://newsrack.in/crawled.feeds/ht.rss.xml
503,Hindustan Times  - analysis,http://www.hindustantimes.com/rss/analysis/rssfeed.xml
504,Hindustan Times  - auto,http://www.hindustantimes.com/rss/auto/rssfeed.xml
505,Hindustan Times  - bhopal,http://www.hindustantimes.com/rss/cities/bhopal/rssfeed.xml
506,Hindustan Times  - books,http://www.hindustantimes.com/rss/books/rssfeed.xml
507,Hindustan Times  - business,http://www.hindustantimes.com/rss/business/rssfeed.xml
508,Hindustan Times  - chandigarh,http://www.hindustantimes.com/rss/cities/chandigarh/rssfeed.xml
509,Hindustan Times  - columns,http://www.hindustantimes.com/rss/columns/rssfeed.xml
510,Hindustan Times  - dehradun,http://www.hindustantimes.com/rss/cities/dehradun/rssfeed.xml
511,Hindustan Times  - delhi,http://www.hindustantimes.com/rss/cities/delhi/rssfeed.xml
512,Hindustan Times  - editorials,http://www.hindustantimes.com/rss/editorials/rssfeed.xml
513,Hindustan Times  - education,http://www.hindustantimes.com/rss/education/rssfeed.xml
514,Hindustan Times  - gurgaon,http://www.hindustantimes.com/rss/cities/gurgaon/rssfeed.xml
515,Hindustan Times  - india,http://www.hindustantimes.com/rss/india/rssfeed.xml
516,Hindustan Times  - indore,http://www.hindustantimes.com/rss/cities/indore/rssfeed.xml
517,Hindustan Times  - jaipur,http://www.hindustantimes.com/rss/cities/jaipur/rssfeed.xml
518,Hindustan Times  - kolkata,http://www.hindustantimes.com/rss/cities/kolkata/rssfeed.xml
519,Hindustan Times  - lucknow,http://www.hindustantimes.com/rss/cities/lucknow/rssfeed.xml
520,Hindustan Times  - mumbai,http://www.hindustantimes.com/rss/cities/mumbai/rssfeed.xml
521,Hindustan Times  - noida,http://www.hindustantimes.com/rss/cities/noida/rssfeed.xml
522,Hindustan Times  - opinion,http://www.hindustantimes.com/rss/opinion/rssfeed.xml
523,Hindustan Times  - patna,http://www.hindustantimes.com/rss/cities/patna/rssfeed.xml
524,Hindustan Times  - punjab,http://www.hindustantimes.com/rss/punjab/rssfeed.xml
525,Hindustan Times  - ranchi,http://www.hindustantimes.com/rss/cities/ranchi/rssfeed.xml
526,Hindustan Times  - realestate,http://www.hindustantimes.com/rss/realestate/rssfeed.xml
527,Hindustan Times  - tech,http://www.hindustantimes.com/rss/tech/rssfeed.xml
528,Hindustan Times  - tech-features,http://www.hindustantimes.com/rss/tech-features/rssfeed.xml
529,Hindustan Times  - tech-news,http://www.hindustantimes.com/rss/tech-news/rssfeed.xml
530,Hindustan Times  - topnews,http://www.hindustantimes.com/rss/topnews/rssfeed.xml
531,Hindustan Times  - weekend-top,http://www.hindustantimes.com/rss/weekend-top/rssfeed.xml
532,Hindustan Times  - world,http://www.hindustantimes.com/rss/world/rssfeed.xml
533,Horanadu Kannadiga,http://kannadaprabha.com/sectionrss-114.html
534,Hubli - City - The Times of India,http://timesofindia.indiatimes.com/rssfeeds/3942695.cms
535,IE: Banking News,http://syndication.indianexpress.com/rss/796/banking.xml
536,IE: Columns,http://syndication.indianexpress.com/rss/43/columns.xml
537,IE: Corporate News,http://syndication.indianexpress.com/rss/795/corporate.xml
538,IE: Economy News,http://syndication.indianexpress.com/rss/794/economy.xml
539,IE: From the fields,http://syndication.indianexpress.com/rss/72/from-the-fields.xml
540,IE: Kolkata,http://syndication.indianexpress.com/rss/708/kolkata.xml
541,IE: Latest News,http://syndication.indianexpress.com/rss/885/latest-news.xml
542,IE: Latest News,http://syndication.indianexpress.com/rss/789/latest-news.xml
543,IE: Markets,http://syndication.indianexpress.com/rss/793/markets.xml
544,IE: Markets,http://syndication.indianexpress.com/rss/793/markets.xml
545,IE: Money,http://syndication.indianexpress.com/rss/772/money.xml
546,IE: Politics,http://syndication.indianexpress.com/rss/799/politics.xml
547,IE: Regional News,http://syndication.indianexpress.com/rss/800/regional.xml
548,IE: Regional News,http://syndication.indianexpress.com/rss/889/regional.xml
549,IE: Science & Technology,http://syndication.indianexpress.com/rss/698/science-&-technology.xml
550,IPOs,http://www.business-standard.com/rss/markets-ipos-10611.rss
551,IndLaw News,http://www.indlawnews.com/rss/rss.ashx?id=2
552,"India Today | February 13, 2012",http://indiatoday.intoday.in/rss/issue.jsp
553,India Today | Videos,http://indiatoday.intoday.in/rss/video.jsp?vcid=0
554,India Today| Cover Story,http://indiatoday.intoday.in/rss/article.jsp?sid=30
555,India Today| ECONOMY,http://indiatoday.intoday.in/rss/article.jsp?sid=34
556,India Today| EYECATCHERS,http://indiatoday.intoday.in/rss/article.jsp?sid=2
557,India Today| Glass House,http://indiatoday.intoday.in/rss/article.jsp?sid=146
558,India Today| International,http://indiatoday.intoday.in/rss/article.jsp?sid=61
559,India Today| Must Read,http://indiatoday.intoday.in/rss/article.jsp?sid=4
560,India Today| NATION,http://indiatoday.intoday.in/rss/article.jsp?sid=36
561,India Today| OFFTRACK,http://indiatoday.intoday.in/rss/article.jsp?sid=24
562,India Today| SOCIETY & THE ARTS,http://indiatoday.intoday.in/rss/article.jsp?sid=25
563,India Today| SPORT,http://indiatoday.intoday.in/rss/article.jsp?sid=41
564,India Today| STATES,http://indiatoday.intoday.in/rss/article.jsp?sid=21
565,India Today| The Big Story,http://indiatoday.intoday.in/rss/article.jsp?sid=150
566,India Today| Top Stories,http://indiatoday.intoday.in/rss/article.jsp?sid=120
567,India Today| YOUR WEEK,http://indiatoday.intoday.in/rss/article.jsp?sid=27
568,India Together,http://www.indiatogether.org/rss/home.xml
569,India Together - Agriculture,http://www.indiatogether.org/rss/agriculture/home.xml
570,India Together - Economy,http://www.indiatogether.org/rss/economy/home.xml
571,India Together - Education,http://www.indiatogether.org/rss/education/home.xml
572,India Together - Environment,http://www.indiatogether.org/rss/environment/home.xml
573,India Together - Women,http://www.indiatogether.org/rss/women/home.xml
574,India eNews: Business,http://feeds.feedburner.com/IndiaBusinessNews
575,India eNews: Politics,http://feeds.feedburner.com/IndiaPoliticsNews
576,India eNews: Top Headlines,http://feeds.feedburner.com/IndiaLatestNews
577,IndiaInfo.com,http://rss.indiainfo.com/news.xml
578,Indian Express: Ahmedabad,http://www.indianexpress.com/rss/711/ahmedabad.xml
579,Indian Express: Business,http://www.indianexpress.com/rss/37/business.xml
580,Indian Express: Business,http://www.indianexpress.com/rss/694/business.xml
581,Indian Express: Chandigarh,http://www.indianexpress.com/rss/710/chandigarh.xml
582,Indian Express: Columns,http://www.indianexpress.com/rss/35/edits-&-columns.xml
583,Indian Express: Delhi,http://www.indianexpress.com/rss/705/delhi.xml
584,Indian Express: Front Page,http://www.indianexpress.com/rss/33/front-page.xml
585,Indian Express: Health,http://www.indianexpress.com/rss/697/health.xml
586,Indian Express: India,http://www.indianexpress.com/rss/721/india.xml
587,Indian Express: Infotech,http://www.indianexpress.com/rss/698/infotech.xml
588,Indian Express: International,http://www.indianexpress.com/rss/38/international.xml
589,Indian Express: Latest,http://www.indianexpress.com/rss/latest-news.xml
590,Indian Express: Lucknow,http://www.indianexpress.com/rss/712/lucknow.xml
591,Indian Express: Ludhiana,http://www.indianexpress.com/rss/709/ludhiana.xml
592,Indian Express: Mumbai,http://www.indianexpress.com/rss/707/mumbai.xml
593,Indian Express: Op-Ed,http://www.indianexpress.com/rss/36/oped.xml
594,Indian Express: Pune,http://www.indianexpress.com/rss/706/pune.xml
595,Indian Express: Sunday,http://www.indianexpress.com/rss/723/sunday-stories.xml
596,Indian Express: Web,http://www.indianexpress.com/rss/768/web-exclusive.xml
597,Indian Express: World,http://www.indianexpress.com/rss/695/world.xml
598,Infographics,http://www.business-standard.com/rss/international-infographics-11603.rss
599,Infographics,http://www.business-standard.com/rss/current-affairs-infographics-11509.rss
600,International,http://outlookindia.com/rss/section/international
601,Interviews,http://outlookindia.com/rss/features/interviews
602,Kalinga Times,http://www.kalingatimes.com/rss/news.xml
603,Kangla Online,http://newsrack.in/crawled.feeds/ko.rss.xml
604,Kanpur - City - The Times of India,http://timesofindia.indiatimes.com/rssfeeds/3947067.cms
605,Kodagu,http://kannadaprabha.com/sectionrss-148.html
606,Kolar,http://kannadaprabha.com/sectionrss-149.html
607,Koppal,http://kannadaprabha.com/sectionrss-150.html
608,Latest News,http://www.business-standard.com/rss/latest.rss
609,Latest News,http://kannadaprabha.com/sectionrss-116.html
610,Latest News India on Firstpost,http://www.firstpost.com/rss/india.xml
611,Latest News Politics on Firstpost,http://www.firstpost.com/rss/politics.xml
612,Lunch,http://www.business-standard.com/rss/opinion-lunch-10507.rss
613,Mandya,http://kannadaprabha.com/sectionrss-151.html
614,Mangalore - City - The Times of India,http://timesofindia.indiatimes.com/rssfeeds/3942690.cms
615,Manipur: E-Pao,http://newsrack.in/crawled.feeds/epao.rss.xml
616,Market News,http://www.business-standard.com/rss/market.rss
617,Meghalaya Times,http://meghalayatimes.info/index.php?format=feed&type=rss
618,Mid Day,http://newsrack.in/crawled.feeds/midday.rss.xml
619,Mid Day: Columnists,http://www.mid-day.com/feed_api/rss/articles.php?section=news
620,Mid Day: Editorial,http://www.mid-day.com/feed_api/rss/articles.php?section=columnists%2Feditorial
621,Mid Day: Features,http://www.mid-day.com/feed_api/rss/articles.php?section=lifestyle%2Ffeatures
622,Mid Day: Health & Fitness,http://www.mid-day.com/feed_api/rss/articles.php?section=lifestyle%2Fhealth
623,Mid Day: International,http://www.mid-day.com/feed_api/rss/articles.php?section=news%2Finternational
624,Mid Day: More columns,http://www.mid-day.com/feed_api/rss/articles.php?section=columnists%2Fothercolumnists
625,Mid Day: National,http://www.mid-day.com/feed_api/rss/articles.php?section=news%2Fnational
626,Mid Day: Review,http://www.mid-day.com/feed_api/rss/articles.php?section=entertainment%2Freview
627,Mint Columnist: Kalita,http://www.livemint.com/SectionRssfeed.aspx?Id=98
628,Mint Columnist: Nageswaran,http://www.livemint.com/SectionRssfeed.aspx?Id=95
629,Mint Columnist: Narayan,http://www.livemint.com/SectionRssfeed.aspx?Id=101
630,Mint Columnist: Rajadhyaksha,http://www.livemint.com/SectionRssfeed.aspx?Id=96
631,Mint Columnist: Ramanathan,http://www.livemint.com/SectionRssfeed.aspx?Id=99
632,Mint Columnist: S Narayan,http://www.livemint.com/SectionRssfeed.aspx?Id=94
633,Mint Columnist: Sandberg,http://www.livemint.com/SectionRssfeed.aspx?Id=102
634,Mint Columnist: Sanghvi,http://www.livemint.com/SectionRssfeed.aspx?Id=100
635,Mint Columnist: Varma,http://www.livemint.com/SectionRssfeed.aspx?Id=97
636,Mint: Agriculture,http://www.livemint.com/SectionRssfeed.aspx?Id=58
637,Mint: Budget and Corporates,http://www.livemint.com/SectionRssfeed.aspx?Id=78
638,Mint: Budget and Markets,http://www.livemint.com/SectionRssfeed.aspx?Id=79
639,Mint: Budget and Policy,http://www.livemint.com/SectionRssfeed.aspx?Id=76
640,Mint: Budget and You,http://www.livemint.com/SectionRssfeed.aspx?Id=77
641,Mint: Bureaucrats,http://www.livemint.com/SectionRssfeed.aspx?Id=54
642,Mint: Business People,http://www.livemint.com/SectionRssfeed.aspx?Id=52******
643,Mint: Human Development,http://www.livemint.com/SectionRssfeed.aspx?Id=59
644,Mint: Ideators,http://www.livemint.com/SectionRssfeed.aspx?Id=51
645,Mint: Indicators,http://www.livemint.com/SectionRssfeed.aspx?Id=60
646,Mint: Infrastructure,http://www.livemint.com/SectionRssfeed.aspx?Id=63
647,Mint: Latest,http://www.livemint.com/SectionRssfeed.aspx?LN=Latestnews
648,Mint: Other View,http://www.livemint.com/SectionRssfeed.aspx?Id=90
649,Mint: Our View,http://www.livemint.com/SectionRssfeed.aspx?Id=87
650,Mint: Policy Tracker,http://www.livemint.com/SectionRssfeed.aspx?Id=56
651,Mint: Political Economy,http://www.livemint.com/SectionRssfeed.aspx?Id=57
652,Mint: Quick Edit,http://www.livemint.com/SectionRssfeed.aspx?Id=92
653,Mint: Social Activists,http://www.livemint.com/SectionRssfeed.aspx?Id=53
654,Mint: The Indian Century,http://www.livemint.com/SectionRssfeed.aspx?Id=91
655,Mint: Their View,http://www.livemint.com/SectionRssfeed.aspx?Id=88
656,Mint: Your View,http://www.livemint.com/SectionRssfeed.aspx?Id=89
657,Moneylife,http://www.moneylife.in/site/rss.php
658,Morung Express,http://www.morungexpress.com/index.1.rss
659,Most Popular,http://www.business-standard.com/rss/most-viewed.rss
660,Motoring,http://www.business-standard.com/rss/beyond-business-motoring-10410.rss
661,Mysore,http://kannadaprabha.com/sectionrss-130.html
662,Mysore - City - The Times of India,http://timesofindia.indiatimes.com/rssfeeds/3942693.cms
663,NDTV Business,http://www.ndtv.com/convergence/ndtv/rssbus.asp
664,NDTV Food  - Latest,http://feeds.feedburner.com/ndtvcooks-latest
665,NDTV National,http://www.ndtv.com/convergence/ndtv/rssnat.asp
666,NDTV News  - Cities,http://feeds.feedburner.com/ndtvnews-cities-news
667,NDTV News  - India-news,http://feeds.feedburner.com/ndtvnews-india-news
668,NDTV News  - Latest,http://feeds.feedburner.com/ndtvnews-latest
669,NDTV News  - South,http://feeds.feedburner.com/ndtvnews-south
670,NDTV News  - Top-stories,http://feeds.feedburner.com/ndtvnews-top-stories
671,NYT > India,http://topics.nytimes.com/top/news/international/countriesandterritories/india/index.html?rss=1
672,"Nagpur News, Latest Nagpur News Headlines & Live Updates - Times of India",http://timesofindia.indiatimes.com/rssfeeds/442002.cms
673,Nation,http://kannadaprabha.com/sectionrss-4.html
674,National,http://outlookindia.com/rss/section/national
675,New Banking Licences,http://www.business-standard.com/rss/specials-new-banking-licences-10977.rss
676,New Indian Express,http://newsrack.in/crawled.feeds/nie.rss.xml
677,New Kerala: Andhra Pradesh,http://www.newkerala.com/andhra-pradesh-news.xml
678,New Kerala: Business India,http://www.newkerala.com/business-india-news.xml
679,New Kerala: Gujarat,http://www.newkerala.com/gujarat-news.xml
680,New Kerala: Health News,http://www.newkerala.com/health-news.xml
681,New Kerala: India News,http://www.newkerala.com/india-news.xml
682,New Kerala: Karnataka,http://www.newkerala.com/karnataka-news.xml
683,New Kerala: Kerala News,http://www.newkerala.com/kerala-news.xml
684,New Kerala: Maharashtra,http://www.newkerala.com/maharashtra-news.xml
685,New Kerala: Punjab,http://www.newkerala.com/punjab-news.xml
686,New Kerala: Sports India,http://www.newkerala.com/sports-news.xml
687,New Kerala: Tamil Nadu,http://www.newkerala.com/tamil-nadu-news.xml
688,New Kerala: Technology,http://www.newkerala.com/technology-news.xml
689,New Kerala: West Bengal,http://www.newkerala.com/west-bengal-news.xml
690,New Kerala: World News,http://www.newkerala.com/world-news.xml
691,News,http://www.business-standard.com/rss/finance-news-10301.rss
692,News,http://www.business-standard.com/rss/companies-news-10101.rss
693,News,http://www.business-standard.com/rss/markets-news-10601.rss
694,News,http://www.business-standard.com/rss/economy-policy-news-10201.rss
695,News,http://www.business-standard.com/rss/current-affairs-news-11501.rss
696,News,http://www.business-standard.com/rss/beyond-business-news-10401.rss
697,News,http://www.business-standard.com/rss/pf-news-11401.rss
698,News,http://www.business-standard.com/rss/international-news-11601.rss
699,News,http://kannadaprabha.com/sectionrss-178.html
700,News,http://www.business-standard.com/rss/technology-news-10801.rss
701,News,http://www.business-standard.com/rss/management-news-10701.rss
702,Noida - City - The Times of India,http://timesofindia.indiatimes.com/rssfeeds/8021716.cms
703,Oheraldo,http://newsrack.in/crawled.feeds/oh.rss.xml
704,One-Year MBA,http://www.business-standard.com/rss/specials-one-year-mba-10975.rss
705,Oneindia.in: News,http://feeds.feedburner.com/oneindia-all-news
706,Oneindia.in: Public Notices,http://feeds.feedburner.com/oneindia-all-pn
707,Only on Times Now,http://www.timesnow.tv/Sections/Only_On_TIMES_NOW/rssfeeds/1324302.cms
708,Opinion,http://outlookindia.com/rss/features/opinion
709,Opinion,http://www.business-standard.com/rss/markets-opinion-10613.rss
710,Opinion,http://www.business-standard.com/rss/economy-policy-opinion-10204.rss
711,Opinion,http://www.business-standard.com/rss/companies-opinion-10104.rss
712,"Opinion, Editorial, Columnists and Reviews | The Times of India",http://timesofindia.indiatimes.com/rssfeeds/784865811.cms
713,"Orissa News, Bhubaneshwar News, Bhubaneshwar City News | Times of India Orissa City News",http://timesofindia.indiatimes.com/rssfeeds/4118235.cms
714,Orissa Sambad (English),http://newsrack.in/crawled.feeds/oseng.rss.xml
715,Outlook,http://newsrack.in/crawled.feeds/outlook.rss.xml
716,Outlook Business,http://outlookindia.com/rss/main/olb
717,Outlook Magazine,http://outlookindia.com/rss/main/magazine
718,Outlook Money,http://outlookindia.com/rss/main/olm
719,Outlook Profit,http://outlookindia.com/rss/main/olp
720,Outlook Traveller,http://outlookindia.com/rss/main/olt
721,Outlook Web,http://outlookindia.com/rss/main/web
722,Outlook Wires,http://outlookindia.com/rss/main/wires
723,PE/VC,http://www.business-standard.com/rss/specials-pe-vc-10976.rss
724,Patrika Hindi News - news:BusinessLatest,http://www.patrika.com/patrika-rss/2/cat
725,Patrika Hindi News - news:HealthLatest,http://www.patrika.com/patrika-rss/1229/cat
726,Patrika Hindi News - news:IndiaLatest,http://www.patrika.com/patrika-rss/5/cat
727,Patrika Hindi News - news:MagazineLatest,http://www.patrika.com/patrika-rss/1179/cat
728,Patrika Hindi News - news:OPINIONLatest,http://www.patrika.com/patrika-rss/1004/cat
729,Patrika Hindi News - news:Science & TechLatest,http://www.patrika.com/patrika-rss/1002/cat
730,Patrika Hindi News - news:WorldLatest,http://www.patrika.com/patrika-rss/6/cat
731,Patrika's editor's choices,http://www.patrika.com/rss/editorspick.xml
732,People,http://www.business-standard.com/rss/beyond-business-people-10403.rss
733,People,http://www.business-standard.com/rss/management-people-10706.rss
734,People,http://www.business-standard.com/rss/current-affairs-people-11508.rss
735,People,http://www.business-standard.com/rss/opinion-people-10504.rss
736,People in News,http://www.business-standard.com/rss/companies-people-in-news-10109.rss
737,People in News,http://www.business-standard.com/rss/finance-people-in-news-10310.rss
738,People in News,http://www.business-standard.com/rss/economy-policy-people-in-news-10210.rss
739,People in News,http://www.business-standard.com/rss/markets-people-in-news-10615.rss
740,Personal Technology,http://www.business-standard.com/rss/technology-personal-10807.rss
741,Pharma Policy,http://www.business-standard.com/rss/specials-pharma-policy-10980.rss
742,Political Turmoil,http://www.business-standard.com/rss/specials-political-turmoil-10979.rss
743,Politics,http://kannadaprabha.com/sectionrss-128.html
744,Politics,http://www.business-standard.com/rss/politics-155.rss
745,Politics and Nation-News-The Economic Times,http://economictimes.indiatimes.com/news/politics-and-nation/rssfeeds/1052732854.cms
746,Polls,http://www.business-standard.com/rss/current-affairs-polls-11507.rss
747,Portraits,http://outlookindia.com/rss/features/portraits
748,Prajavani:  ಲೈಫ್ ಸ್ಟೈಲ್,http://www.prajavani.net/web/include/feeds.php?news=33
749,Prajavani: ಮುಖಪುಟ,http://www.prajavani.net/web/include/feeds.php?news=home
750,Prajavani: ಅಂತಃಕರಣ/ ಡಾ. ಆಶಾ ಬೆನಕಪ್ಪ,http://www.prajavani.net/web/include/feeds.php?news=182
751,Prajavani: ಅಂತರಂಗ | ಕುಲದೀಪ ನಯ್ಯರ್,http://www.prajavani.net/web/include/feeds.php?news=150
752,Prajavani: ಅಂತರಾಳ,http://www.prajavani.net/web/include/feeds.php?news=51
753,Prajavani: ಅನಾವರಣ | ದಿನೇಶ್ ಅಮೀನ್ ಮಟ್ಟು,http://www.prajavani.net/web/include/feeds.php?news=144
754,Prajavani: ಅರ್ಥ ವಿಚಾರ | ಡಿ. ಮರಳೀಧರ,http://www.prajavani.net/web/include/feeds.php?news=177
755,Prajavani: ಆರೋಗ್ಯ,http://www.prajavani.net/web/include/feeds.php?news=34
756,Prajavani: ಆಹಾರ,http://www.prajavani.net/web/include/feeds.php?news=36
757,Prajavani: ಈ ಭಾನುವಾರ,http://www.prajavani.net/web/include/feeds.php?news=52
758,Prajavani: ಕನಸಿನ ಮನೆ,http://www.prajavani.net/web/include/feeds.php?news=184
759,Prajavani: ಕರುಣಾಳು ಬಾ ಬೆಳಕೆ | ಗುರುರಾಜ ಕರ್ಜಗಿ,http://www.prajavani.net/web/include/feeds.php?news=136
760,Prajavani: ಕರ್ನಾಟಕ ದರ್ಶನ,http://www.prajavani.net/web/include/feeds.php?news=55
761,Prajavani: ಕಲೆ,http://www.prajavani.net/web/include/feeds.php?news=50
762,Prajavani: ಕಾಮನಬಿಲ್ಲು,http://www.prajavani.net/web/include/feeds.php?news=161
763,Prajavani: ಕೃಷಿ,http://www.prajavani.net/web/include/feeds.php?news=158
764,Prajavani: ಕ್ರೀಡಾಂಕಣ | ಗೋಪಾಲ ಹೆಗಡೆ,http://www.prajavani.net/web/include/feeds.php?news=152
765,Prajavani: ಕ್ರೀಡೆ,http://www.prajavani.net/web/include/feeds.php?news=6
766,Prajavani: ಕ್ರೀಡೆ,http://www.prajavani.net/web/include/feeds.php?news=59
767,Prajavani: ಗುಹಾಂಕಣ | ರಾಮಚಂದ್ರ ಗುಹಾ,http://www.prajavani.net/web/include/feeds.php?news=151
768,Prajavani: ಟಿವಿ,http://www.prajavani.net/web/include/feeds.php?news=47
769,Prajavani: ತಂತ್ರಜ್ಞಾನ,http://www.prajavani.net/web/include/feeds.php?news=141
770,Prajavani: ನಾಲ್ಕನೇ ಆಯಾಮ | ಪದ್ಮರಾಜ ದಂಡಾವತಿ,http://www.prajavani.net/web/include/feeds.php?news=142
771,Prajavani: ನುಡಿಯೊಳಗಾಗಿ/ ಓ.ಎಲ್. ನಾಗಭೂಷಣಸ್ವಾಮಿ,http://www.prajavani.net/web/include/feeds.php?news=183
772,Prajavani: ನೃತ್ಯ,http://www.prajavani.net/web/include/feeds.php?news=48
773,Prajavani: ಪೊಲೀಸ್ ಕಂಡ ಕಥೆಗಳು | ಶಿವರಾಮ್,http://www.prajavani.net/web/include/feeds.php?news=155
774,Prajavani: ಪ್ರಜಾವಾಣಿ: 50 ವರ್ಷಗಳ ಹಿಂದೆ,http://www.prajavani.net/web/include/feeds.php?news=163
775,Prajavani: ಪ್ರತಿಸ್ಪಂದನ | ಎಚ್.ಎಸ್.ಶಿವಪ್ರಕಾಶ್,http://www.prajavani.net/web/include/feeds.php?news=175
776,Prajavani: ಪ್ರವಾಸ,http://www.prajavani.net/web/include/feeds.php?news=35
777,Prajavani: ಫಿಲಂ ಡೈರಿ | ಗಂಗಾಧರ ಮೊದಲಿಯಾರ್,http://www.prajavani.net/web/include/feeds.php?news=149
778,Prajavani: ಭೂಮಿಕಾ,http://www.prajavani.net/web/include/feeds.php?news=58
779,Prajavani: ಮೆಟ್ರೋ,http://www.prajavani.net/web/include/feeds.php?news=56
780,Prajavani: ರಂಗಭೂಮಿ,http://www.prajavani.net/web/include/feeds.php?news=49
781,Prajavani: ರಾಜ್ಯ,http://www.prajavani.net/web/include/feeds.php?news=2
782,Prajavani: ರಾಷ್ಟ್ರೀಯ,http://www.prajavani.net/web/include/feeds.php?news=1
783,Prajavani: ವಾಚಕರವಾಣಿ,http://www.prajavani.net/web/include/feeds.php?news=31
784,Prajavani: ವಾಣಿಜ್ಯ,http://www.prajavani.net/web/include/feeds.php?news=44
785,Prajavani: ವಾಣಿಜ್ಯ,http://www.prajavani.net/web/include/feeds.php?news=57
786,Prajavani: ವಿಜ್ಙಾನ ವಿಶೇಷ | ನಾಗೇಶ್ ಹೆಗಡೆ,http://www.prajavani.net/web/include/feeds.php?news=157
787,Prajavani: ವಿದೇಶ,http://www.prajavani.net/web/include/feeds.php?news=4
788,Prajavani: ಶಿಕ್ಷಣ,http://www.prajavani.net/web/include/feeds.php?news=129
789,Prajavani: ಷೇರು ಸಮಾಚಾರ | ಕೆ. ಜಿ. ಕೃಪಾಲ್,http://www.prajavani.net/web/include/feeds.php?news=162
790,Prajavani: ಸಂಗತ,http://www.prajavani.net/web/include/feeds.php?news=30
791,Prajavani: ಸಂಪಾದಕೀಯ,http://www.prajavani.net/web/include/feeds.php?news=28
792,Prajavani: ಸಾಪ್ತಾಹಿಕ ಪುರವಣಿ,http://www.prajavani.net/web/include/feeds.php?news=54
793,Prajavani: ಸಿನಿಮಾ,http://www.prajavani.net/web/include/feeds.php?news=46
794,Prajavani: ಹಸಿರು ಮನೆ| ಡಾ. ಚಂದ್ರಶೇಖರ್ ಹರಿಹರನ್,http://www.prajavani.net/web/include/feeds.php?news=170
795,Prajavani: ಹೊಸ ಕನಸು | ಡಾ.ಆರ್.ಬಾಲಸುಬ್ರಹ್ಮಣ್ಯಂ,http://www.prajavani.net/web/include/feeds.php?news=174
796,Prajavani: ಹೊಸದಾರಿ | ಆರ್. ಇಂದಿರಾ,http://www.prajavani.net/web/include/feeds.php?news=154
797,Profiles,http://outlookindia.com/rss/features/profiles
798,Projects Monitor,http://feeds.feedburner.com/projnews
799,Projects Monitor,http://newsrack.in/crawled.feeds/pm.rss.xml
800,Punditry,http://www.business-standard.com/rss/punditry-174.rss
801,"Punjab News, Ludhiana News, Ludhiana City News | Times of India Punjab News",http://timesofindia.indiatimes.com/rssfeeds/3947051.cms
802,Q&A;,http://www.business-standard.com/rss/current-affairs-q-a-11506.rss
803,Quiz,http://www.business-standard.com/rss/management-quiz-10709.rss
804,Raichur,http://kannadaprabha.com/sectionrss-152.html
805,Rail Budget 2013,http://www.business-standard.com/rss/budget-rail-2013-11005.rss
806,Rajkot - City - The Times of India,http://timesofindia.indiatimes.com/rssfeeds/3942663.cms
807,Ranchi - City - The Times of India,http://timesofindia.indiatimes.com/rssfeeds/4118245.cms
808,Rediff: BPO News,http://www.rediff.com/rss/bporss.xml
809,Rediff: Business,http://www.rediff.com/rss/moneyrss.xml
810,Rediff: Columns,http://www.rediff.com/rss/columnistrss.xml
811,Rediff: Cricket,http://www.rediff.com/rss/cricketrss.xml
812,Rediff: GetAhead,http://www.rediff.com/rss/getaheadrss.xml
813,Rediff: Information You Can Use,http://www.rediff.com/rss/iycurss.xml
814,Rediff: Interviews,http://www.rediff.com/rss/interviewsrss.xml
815,Rediff: Intl News,http://www.rediff.com/rss/intnewsrss.xml
816,Rediff: Movies,http://www.rediff.com/rss/moviesrss.xml
817,Rediff: News,http://www.rediff.com/rss/newsrss.xml
818,Rediff: Personal Finance,http://www.rediff.com/rss/perfinrss.xml
819,Rediff: Sports,http://www.rediff.com/rss/sportsrss.xml
820,Rediff: Top Stories (India),http://www.rediff.com/rss/inrss.xml
821,Results,http://www.business-standard.com/rss/companies-results-10103.rss
822,Reuters: Entertainment News,http://feeds.reuters.com/reuters/INentertainmentNews
823,Reuters: Hollywood News,http://feeds.reuters.com/reuters/INhollywood
824,Reuters: Money News,http://feeds.reuters.com/reuters/INbusinessNews
825,Reuters: South Asia News,http://feeds.reuters.com/reuters/INsouthAsiaNews
826,Reuters: Sports News,http://feeds.reuters.com/reuters/INsportsNews
827,Reuters: Top News,http://feeds.reuters.com/reuters/INtopNews
828,Reuters: World News,http://feeds.reuters.com/reuters/INworldNews
829,Review,http://kannadaprabha.com/sectionrss-179.html
830,Run-up to Budget 2013,http://www.business-standard.com/rss/specials-run-up-to-budget-2013-10973.rss
831,Run-up to Budget 2013,http://www.business-standard.com/rss/budget-run-up-to-2013-11004.rss
832,Sapthahikaprabha,http://kannadaprabha.com/sectionrss-158.html
833,Science News - Times of India,http://timesofindia.indiatimes.com/rssfeeds/-2128672765.cms
834,Science-Technology,http://kannadaprabha.com/sectionrss-163.html
835,Scroll.in - News that matters,http://feeds.feedburner.com/scroll_in.rss
836,Shimoga,http://kannadaprabha.com/sectionrss-153.html
837,Sify Finance,http://sify.com/rss/finance.php
838,Sify News,http://sify.com/rss/news.php
839,Sikkim Times,http://sikkimtimes.com/?feed=rss2
840,Society,http://outlookindia.com/rss/section/Society
841,Sports,http://outlookindia.com/rss/section/sports
842,Sports,http://kannadaprabha.com/sectionrss-7.html
843,Star of Mysore,http://newsrack.in/crawled.feeds/som.rss.xml
844,"Surat News, News from Surat Gujarat | Times of India Surat News",http://timesofindia.indiatimes.com/rssfeeds/3942660.cms
845,TOI: Ahmedabad Times,http://timesofindia.indiatimes.com/rssfeeds/-2128821153.cms
846,TOI: All Headlines,http://newsrack.in/crawled.feeds/toi.rss.xml
847,TOI: Bangalore Times,http://timesofindia.indiatimes.com/rssfeeds/-2128833038.cms
848,TOI: Calcutta Times,http://timesofindia.indiatimes.com/rssfeeds/-2128830821.cms
849,TOI: Chandigarh Times,http://timesofindia.indiatimes.com/rssfeeds/-2128816762.cms
850,TOI: Chennai,http://timesofindia.indiatimes.com/rssfeeds/2950623.cms
851,TOI: Cities,http://timesofindia.indiatimes.com/rssfeeds/-2128932452.cms
852,TOI: Columnists,http://timesofindia.indiatimes.com/rssfeeds/12051364.cms
853,TOI: Delhi Times,http://timesofindia.indiatimes.com/rssfeeds/-2128839596.cms
854,TOI: Editorial,http://timesofindia.indiatimes.com/rssfeeds/-2128669051.cms
855,TOI: Entertainment,http://timesofindia.indiatimes.com/rssfeeds/1081479906.cms
856,TOI: Goa,http://timesofindia.indiatimes.com/rssfeeds/3012535.cms
857,TOI: Home,http://timesofindia.indiatimes.com/rssfeedsdefault.cms
858,TOI: Hyderabad Times,http://timesofindia.indiatimes.com/rssfeeds/-2128816011.cms
859,TOI: India,http://timesofindia.indiatimes.com/rssfeeds/-2128936835.cms
860,TOI: India Business,http://timesofindia.indiatimes.com/rssfeeds/-2128682902.cms
861,TOI: Indo-Pak Ties,http://timesofindia.indiatimes.com/rssfeeds/222022.cms
862,TOI: Interviews,http://timesofindia.indiatimes.com/rssfeeds/1898408.cms
863,TOI: Intl Business,http://timesofindia.indiatimes.com/rssfeeds/-2128680634.cms
864,TOI: Jaipur,http://timesofindia.indiatimes.com/rssfeeds/3012544.cms
865,TOI: Kanpur Times,http://timesofindia.indiatimes.com/rssfeeds/23785592.cms
866,TOI: Lucknow Times,http://timesofindia.indiatimes.com/rssfeeds/-2128819658.cms
867,TOI: Mumbai,http://timesofindia.indiatimes.com/rssfeeds/-2128838597.cms
868,TOI: NRI News,http://timesofindia.indiatimes.com/rssfeeds/222023.cms
869,TOI: Pakistan,http://timesofindia.indiatimes.com/rssfeeds/30359534.cms
870,TOI: Patna,http://timesofindia.indiatimes.com/rssfeeds/-2128817995.cms
871,TOI: Pune Times,http://timesofindia.indiatimes.com/rssfeeds/-2128821991.csm
872,TOI: Sports,http://timesofindia.indiatimes.com/rssfeeds/671208.cms
873,TOI: Subverse,http://timesofindia.indiatimes.com/rssfeeds/3241488.cms
874,TOI: Sunday,http://timesofindia.indiatimes.com/rssfeeds/1945062111.cms
875,TOI: The United States,http://timesofindia.indiatimes.com/rssfeeds/30359486.cms
876,TOI: Thiruvananthapuram,http://timesofindia.indiatimes.com/rssfeeds/878156304.cms
877,Tehelka,http://tehelka.com/feeds/tehfeed.xml
878,Telegraph: Bengal,http://telegraphindia.com/feeds/rss.asp?id=8
879,Telegraph: Business,http://telegraphindia.com/feeds/rss.asp?id=9
880,Telegraph: Calcutta,http://telegraphindia.com/feeds/rss.asp?id=5
881,Telegraph: Front Page,http://telegraphindia.com/feeds/rss.asp?id=3
882,Telegraph: International,http://telegraphindia.com/feeds/rss.asp?id=13
883,Telegraph: Nation,http://telegraphindia.com/feeds/rss.asp?id=4
884,Telegraph: North Bengal,http://telegraphindia.com/feeds/rss.asp?id=14
885,Telegraph: Opinion,http://telegraphindia.com/feeds/rss.asp?id=6
886,Telegraph: Sports,http://telegraphindia.com/feeds/rss.asp?id=7
887,"Thane News, Latest Thane News Headlines & Live Updates - Times of India",http://timesofindia.indiatimes.com/rssfeeds/3831863.cms
888,Thats Hindi,http://feedproxy.google.com/oneindia-thatshindi-all
889,Thats Kannada,http://feedproxy.google.com/oneindia-all-thatskannada
890,The Assam Tribune,http://newsrack.in/crawled.feeds/at.rss.xml
891,The Hindu: Today's Paper,http://newsrack.in/crawled.feeds/hindu.todayspaper.rss.xml
892,The Indian Express -- Front Page,http://www.expressindia.com/syndications/ie.xml
893,The Navhind Times,http://www.navhindtimes.in/index.php?format=feed&type=rss
894,The New Indian Express - Andhra Pradesh - http://newindianexpress.com/states/andhra_pradesh/,http://newindianexpress.com/states/andhra_pradesh/?widgetName=rssfeed&widgetId=534391&getXmlFeed=true
895,The New Indian Express - Education - http://newindianexpress.com/education/,http://newindianexpress.com/education/?widgetName=rssfeed&widgetId=276210&getXmlFeed=true
896,The New Indian Express - Karnataka - http://newindianexpress.com/states/karnataka/,http://newindianexpress.com/states/karnataka/?widgetName=rssfeed&widgetId=534391&getXmlFeed=true
897,The New Indian Express - Kerala - http://newindianexpress.com/states/kerala/,http://newindianexpress.com/states/kerala/?widgetName=rssfeed&widgetId=534391&getXmlFeed=true
898,The New Indian Express - Odisha - http://newindianexpress.com/states/odisha/,http://newindianexpress.com/states/odisha/?widgetName=rssfeed&widgetId=534391&getXmlFeed=true
899,The New Indian Express - Tamil Nadu - http://newindianexpress.com/states/tamil_nadu/,http://newindianexpress.com/states/tamil_nadu/?widgetName=rssfeed&widgetId=534391&getXmlFeed=true
900,The New Indian Express - The Sunday Standard - http://newindianexpress.com/thesundaystandard/,http://newindianexpress.com/thesundaystandard/?widgetName=rssfeed&widgetId=276210&getXmlFeed=true
901,The Pioneer,http://newsrack.in/crawled.feeds/pioneer.rss.xml
902,The Quint,http://quintype-articles.s3.amazonaws.com/production/thequint/feed.xml
903,The South Asian,http://www.thesouthasian.org/index.xml
904,The Statesman,http://newsrack.in/crawled.feeds/statesman.rss.xml
905,The Telegraph : Bihar,http://www.telegraphindia.com/feeds/rss.jsp?id=22
906,The Telegraph : Jharkhand,http://www.telegraphindia.com/feeds/rss.jsp?id=23
907,The Telegraph : North East,http://www.telegraphindia.com/feeds/rss.jsp?id=24
908,The Telegraph : Orissa,http://www.telegraphindia.com/feeds/rss.jsp?id=21
909,The Wire,http://thewire.in/feed/
910,Times Now: Business,http://www.timesnow.tv/Rssfeeds/Business.Xml
911,Times Now: National,http://www.timesnow.tv/Rssfeeds/India.Xml
912,Times Now: World,http://www.timesnow.tv/Rssfeeds/World.Xml
913,Times of Assam,http://feeds.feedburner.com/TimesOfAssam
914,Top Headlines,http://syndication.financialexpress.com/rss/372/automobiles.xml
915,Top Headlines,http://syndication.financialexpress.com/rss/97/economy.xml
916,Top Headlines,http://syndication.financialexpress.com/rss/382/media.xml
917,Top Headlines,http://syndication.financialexpress.com/rss/378/infrastructure.xml
918,Top Headlines,http://syndication.financialexpress.com/rss/626/business-wire.xml
919,Top Headlines,http://syndication.financialexpress.com/rss/latest-news.xml
920,Top Headlines,http://syndication.financialexpress.com/rss/100/politics.xml
921,Top Headlines,http://syndication.financialexpress.com/rss/384/real-estate.xml
922,Top Headlines,http://syndication.financialexpress.com/rss/385/travel-&-tourism.xml
923,Top Headlines,http://syndication.financialexpress.com/rss/380/jobs.xml
924,Top Headlines,http://syndication.financialexpress.com/rss/103/retail.xml
925,Top Headlines,http://syndication.financialexpress.com/rss/96/markets.xml
926,Top Headlines,http://syndication.financialexpress.com/rss/101/telecom.xml
927,Top Headlines,http://syndication.financialexpress.com/rss/377/infotech.xml
928,Top Headlines,http://syndication.financialexpress.com/rss/375/commodities.xml
929,Top Headlines,http://syndication.financialexpress.com/rss/349/banking-&-finance.xml
930,Top Headlines,http://syndication.financialexpress.com/rss/379/insurance.xml
931,Top Headlines,http://syndication.financialexpress.com/rss/95/companies.xml
932,Top Headlines,http://syndication.financialexpress.com/rss/383/power.xml
933,Top Headlines,http://syndication.financialexpress.com/rss/98/world-news.xml
934,Top Headlines,http://syndication.financialexpress.com/rss/376/health-&-pharma.xml
935,Top India News- News18.com,http://www.news18.com/rss/india.xml
936,Top News,http://kannadaprabha.com/sectionrss-1.html
937,Top Politics News- News18.com,http://www.news18.com/rss/politics.xml
938,Top Stories,http://www.business-standard.com/rss/home_page_top_stories.rss
939,Travel-Automobile,http://kannadaprabha.com/sectionrss-175.html
940,Tumkur,http://kannadaprabha.com/sectionrss-154.html
941,Udupi,http://kannadaprabha.com/sectionrss-155.html
942,Uttara Kannada,http://kannadaprabha.com/sectionrss-156.html
943,Vadodara - City - The Times of India,http://timesofindia.indiatimes.com/rssfeeds/3942666.cms
944,Varanasi - City - The Times of India,http://timesofindia.indiatimes.com/rssfeeds/3947071.cms
945,Voice of Sikkim,http://voiceofsikkim.com/feed/
946,Women-Living,http://kannadaprabha.com/sectionrss-171.html
947,Youth-Children,http://kannadaprabha.com/sectionrss-165.html
948,Zee News : Business,http://www.zeenews.com/rss/business-news.xml
949,Zee News : India National,http://www.zeenews.com/rss/india-national-news.xml
950,Zee News : Science and Technology,http://www.zeenews.com/rss/science-technology-news.xml
951,Zee News : South Asia,http://www.zeenews.com/rss/south-asia-news.xml
952,Zee News : States,http://www.zeenews.com/rss/india-news.xml
953,Zee News : World,http://www.zeenews.com/rss/world-news.xml
954,business-standard.com,http://www.business-standard.com/rss/people-180.rss
955,by2coffee,http://kannadaprabha.com/sectionrss-160.html
956,deccanherald.com,http://www.deccanherald.com/rss/news.rss
957,economictimes.indiatimes.com,http://economictimes.indiatimes.com/news/science/rssfeeds/39872847.cms
958,economictimes.indiatimes.com,http://economictimes.indiatimes.com/news/environment/rssfeeds/2647163.cms
959,economictimes.indiatimes.com,http://economictimes.indiatimes.com/industry/environment/rssfeeds/58571602.cms
960,economictimes.indiatimes.com,http://economictimes.indiatimes.com/news/company/rssfeeds/2143429.cms
961,economictimes.indiatimes.com,http://economictimes.indiatimes.com/news/rssfeeds/1715249553.cms
962,economictimes.indiatimes.com,http://economictimes.indiatimes.com/industry/cons-products/rssfeeds/13358759.cms
963,economictimes.indiatimes.com,http://economictimes.indiatimes.com/industry/csr/rssfeeds/58571497.cms
964,economictimes.indiatimes.com,http://economictimes.indiatimes.com/news/india-unlimited/rssfeeds/45228216.cms
965,economictimes.indiatimes.com,http://economictimes.indiatimes.com/news/economy/rssfeeds/1373380680.cms
966,economictimes.indiatimes.com,http://economictimes.indiatimes.com/industry/energy/rssfeeds/13358350.cms
967,firstpost.com,http://www.firstpost.com/rss
968,newindianexpress.com,http://newindianexpress.com/magazine/?widgetName=rssfeed&widgetId=276210&getXmlFeed=true
969,newindianexpress.com,http://newindianexpress.com/opinion/?widgetName=rssfeed&widgetId=276210&getXmlFeed=true
970,newindianexpress.com,http://newindianexpress.com/states/?widgetName=rssfeed&widgetId=276210&getXmlFeed=true
971,newindianexpress.com,http://newindianexpress.com/top_news/?widgetName=rssfeed&widgetId=534391&getXmlFeed=true
972,newindianexpress.com,http://newindianexpress.com/business/?widgetName=rssfeed&widgetId=276210&getXmlFeed=true
973,newindianexpress.com,http://newindianexpress.com/editorials/?widgetName=rssfeed&widgetId=276210&getXmlFeed=true
974,newindianexpress.com,http://newindianexpress.com/?widgetName=rssfeed&widgetId=276210&getXmlFeed=true
975,newindianexpress.com,http://newindianexpress.com/nation/?widgetName=rssfeed&widgetId=276210&getXmlFeed=true
976,newindianexpress.com,http://newindianexpress.com/cities/?widgetName=rssfeed&widgetId=276210&getXmlFeed=true
977,oneindia.com,http://www.oneindia.com/rss/news-business-fb.xml
978,oneindia.com,http://www.oneindia.com/rss/news-india-fb.xml
979,oneindia.com,http://www.oneindia.com/rss/news-sports-fb.xml
980,oneindia.com,http://www.oneindia.com/rss/feature-fb.xml
981,oneindia.com,http://www.oneindia.com/rss/news-international-fb.xml
982,syndication.indianexpress.com,http://syndication.indianexpress.com/rss/711/ahmedabad.xml
983,syndication.indianexpress.com,http://syndication.indianexpress.com/rss/722/eye.xml
984,syndication.indianexpress.com,http://syndication.indianexpress.com/rss/697/health.xml
985,syndication.indianexpress.com,http://syndication.indianexpress.com/rss/36/oped.xml
986,syndication.indianexpress.com,http://syndication.indianexpress.com/rss/1235/gujarat.xml
987,syndication.indianexpress.com,http://syndication.indianexpress.com/rss/1350/bangalore.xml
988,syndication.indianexpress.com,http://syndication.indianexpress.com/rss/1238/punjab-and-haryana.xml
989,syndication.indianexpress.com,http://syndication.indianexpress.com/rss/1119/miscellaneous.xml
990,syndication.indianexpress.com,http://syndication.indianexpress.com/rss/706/pune.xml
991,syndication.indianexpress.com,http://syndication.indianexpress.com/rss/801/crime---justice.xml
992,syndication.indianexpress.com,http://syndication.indianexpress.com/rss/723/sunday-stories.xml
993,syndication.indianexpress.com,http://syndication.indianexpress.com/rss/1249/mumbai.xml
994,syndication.indianexpress.com,http://syndication.indianexpress.com/rss/797/latest-news.xml
995,syndication.indianexpress.com,http://syndication.indianexpress.com/rss/1361/tech-special.xml
996,syndication.indianexpress.com,http://syndication.indianexpress.com/rss/712/lucknow.xml
997,syndication.indianexpress.com,http://syndication.indianexpress.com/rss/914/most-powerful-indians.xml
998,syndication.indianexpress.com,http://syndication.indianexpress.com/rss/893/estates.xml
999,syndication.indianexpress.com,http://syndication.indianexpress.com/rss/898/education.xml
1000,syndication.indianexpress.com,http://syndication.indianexpress.com/rss/34/national-network.xml
1001,syndication.indianexpress.com,http://syndication.indianexpress.com/rss/1248/delhi.xml
1002,syndication.indianexpress.com,http://syndication.indianexpress.com/rss/773/money.xml
1003,syndication.indianexpress.com,http://syndication.indianexpress.com/rss/33/front-page.xml
1004,syndication.indianexpress.com,http://syndication.indianexpress.com/rss/698/science---technology.xml
1005,syndication.indianexpress.com,http://syndication.indianexpress.com/rss/798/latest-news.xml
1006,syndication.indianexpress.com,http://syndication.indianexpress.com/rss/1237/west-bengal.xml
1007,syndication.indianexpress.com,http://syndication.indianexpress.com/rss/1234/uttar-pradesh.xml
1008,syndication.indianexpress.com,http://syndication.indianexpress.com/rss/latest-news.xml
1009,syndication.indianexpress.com,http://syndication.indianexpress.com/rss/802/latest-news.xml
1010,syndication.indianexpress.com,http://syndication.indianexpress.com/rss/1295/express-columns.xml
1011,syndication.indianexpress.com,http://syndication.indianexpress.com/rss/707/mumbai.xml
1012,syndication.indianexpress.com,http://syndication.indianexpress.com/rss/1236/maharashtra.xml
1013,syndication.indianexpress.com,http://syndication.indianexpress.com/rss/35/editorials.xml
1014,syndication.indianexpress.com,http://syndication.indianexpress.com/rss/912/climate-change.xml
1015,syndication.indianexpress.com,http://syndication.indianexpress.com/rss/710/chandigarh.xml
1016,syndication.indianexpress.com,http://syndication.indianexpress.com/rss/705/delhi.xml
1017,syndication.indianexpress.com,http://syndication.indianexpress.com/rss/768/web-exclusive.xml
1018,thehindu.com,http://www.thehindu.com/?service=newssitemap
1019,thehoot.org,http://thehoot.org/web/home/rssfeed.php?cid=1
1020,thehoot.org,http://thehoot.org/web/home/rssfeed.php?cid=19
1021,thehoot.org,http://thehoot.org/web/home/rssfeed.php?cid=17
1022,thehoot.org,http://thehoot.org/web/home/rssfeed.php?cid=0
1023,thehoot.org,http://thehoot.org/web/home/rssfeed.php?cid=6
1024,thehoot.org,http://thehoot.org/web/home/rssfeed.php?cid=11
1025,thehoot.org,http://thehoot.org/web/home/rssfeed.php?cid=5
1026,thehoot.org,http://thehoot.org/web/home/rssfeed.php?cid=34
1027,thehoot.org,http://thehoot.org/web/home/rssfeed.php?cid=21
1028,thehoot.org,http://thehoot.org/web/home/rssfeed.php?cid=33
1029,thehoot.org,http://thehoot.org/web/home/rssfeed.php?cid=41
1030,thehoot.org,http://thehoot.org/web/home/rssfeed.php?cid=39
1031,thehoot.org,http://thehoot.org/web/home/rssfeed.php?cid=37
1032,thehoot.org,http://thehoot.org/web/home/rssfeed.php?cid=8
1033,thehoot.org,http://thehoot.org/web/home/rssfeed.php?cid=3
1034,thehoot.org,http://thehoot.org/web/home/rssfeed.php?cid=16
1035,thehoot.org,http://thehoot.org/web/home/rssfeed.php?cid=20
1036,thehoot.org,http://thehoot.org/web/home/rssfeed.php?cid=7
1037,thehoot.org,http://thehoot.org/web/home/rssfeed.php?cid=24
1038,thehoot.org,http://thehoot.org/web/home/rssfeed.php?cid=15
1039,thehoot.org,http://thehoot.org/web/home/rssfeed.php?cid=2
1040,thehoot.org,http://thehoot.org/web/home/rssfeed.php?cid=36
1041,thehoot.org,http://thehoot.org/web/home/rssfeed.php?cid=23
1042,thehoot.org,http://thehoot.org/web/home/rssfeed.php?cid=40
1043,thehoot.org,http://thehoot.org/web/home/rssfeed.php?cid=9
1044,thehoot.org,http://thehoot.org/web/home/rssfeed.php?cid=10
1045,thehoot.org,http://thehoot.org/web/home/rssfeed.php?cid=4
1046,thehoot.org,http://thehoot.org/web/home/rssfeed.php?cid=38
1047,thehoot.org,http://thehoot.org/web/home/rssfeed.php?cid=35
1048,thehoot.org,http://thehoot.org/web/home/rssfeed.php?cid=22
1049,thehoot.org,http://thehoot.org/web/home/rssfeed.php?cid=32
1050,thehoot.org,http://thehoot.org/web/home/rssfeed.php?cid=12
1051,thehoot.org,http://thehoot.org/web/home/rssfeed.php?cid=25
1052,thehoot.org,http://thehoot.org/web/home/rssfeed.php?cid=13
1053,thehoot.org,http://thehoot.org/web/home/rssfeed.php?cid=14
1054,thenewsminute.com,http://www.thenewsminute.com/rss.xml
1055,timesofindia.indiatimes.com,http://timesofindia.indiatimes.com/rssfeeds/1221656.cms
1056,दैनिक जागरण,http://newsrack.in/crawled.feeds/dj.rss.xml
1057,दैनिक भास्कर,http://newsrack.in/crawled.feeds/db.rss.xml
1058,नवभारत टैम्स,http://newsrack.in/crawled.feeds/nbt.rss.xml
1059,हिंदुस्तान  दैनिक,http://newsrack.in/crawled.feeds/hd.rss.xml
1060,ಪ್ರಜಾವಾಣಿ | ದೇಶಕಾಲ ಸಾಹಿತ್ಯ ಪುರವಣಿ,http://www.prajavani.net/web/include/feeds.php?news=178
